1728	5
2698	5
2727	9
2728	9
2729	9
2730	9
2731	9
2732	9
2733	9
2734	9
2735	9
2736	9
2737	9
2738	9
2739	9
2740	9
2741	9
2742	9
2743	9
2744	9
2745	9
2746	9
2747	9
2748	9
2749	9
2750	9
2751	9
2752	9
2753	9
2754	9
2755	9
2756	9
2757	9
2758	9
2759	9
2760	9
2761	9
2762	9
2763	9
2764	9
2765	9
2766	9
2767	9
2768	9
2769	9
2770	9
2771	9
2772	9
2773	9
2774	9
2775	9
2776	9
2777	9
2778	9
2779	9
2780	9
2781	9
2782	9
2783	9
2784	9
2785	9
2786	9
2787	9
2788	9
2789	9
2790	9
2791	9
2792	9
2793	9
2794	9
2795	9
2796	9
2797	9
2798	9
2799	9
2800	9
2801	9
2802	9
2803	9
2804	9
2805	9
2806	9
2807	9
2808	9
2809	9
2810	9
2811	9
2812	9
2813	9
2814	9
2815	9
2816	9
2817	9
2818	9
2819	9
2820	9
2821	9
2822	9
2823	9
2824	9
2825	9
2826	9
2827	9
2828	9
2829	9
2830	9
2831	9
2832	9
2833	9
2834	9
2835	9
2836	9
2837	9
2838	9
2839	9
2840	9
2841	9
2842	9
2843	9
2844	9
2845	9
2846	9
2847	9
2848	9
2849	9
2850	9
2851	9
2852	9
2853	9
2854	9
2855	9
2856	9
2857	9
2858	9
2859	9
2860	9
2861	9
2862	9
2863	9
2864	9
2865	9
2866	9
2867	9
2868	9
2869	9
2870	9
2871	9
2872	9
2873	9
2874	9
2875	9
2876	9
2877	9
2878	9
2879	9
2880	9
2881	9
2882	9
2883	9
2884	9
2885	9
2886	9
2887	9
2888	9
2889	9
2890	9
2891	9
2892	9
2893	9
2894	9
2895	9
2896	9
2897	9
2898	9
2899	9
2900	9
2901	9
2902	9
2903	9
2904	9
2905	9
2906	9
2907	9
2908	9
2909	9
2910	9
2911	9
2912	9
2913	9
2914	9
2915	9
2916	9
2917	9
2918	9
2919	9
2920	9
2921	9
2922	9
2923	9
2924	9
2925	9
2926	9
2927	9
2928	9
2929	9
2930	9
2931	9
2932	9
2933	9
2934	9
2935	9
2936	9
2937	9
2938	9
2939	9
2940	9
2941	9
2942	9
2943	9
2944	9
2945	9
2946	9
2947	9
2948	9
2949	9
2950	9
2951	9
2952	9
2953	9
2954	9
2955	9
2956	9
2957	9
2958	9
2959	9
2960	9
2961	9
2962	9
2963	9
2964	9
2965	9
2966	9
2967	9
2968	9
2969	9
2970	9
2971	9
2972	9
2973	9
2974	9
2975	9
2976	9
2977	9
2978	6
2979	6
2980	6
2981	6
2982	6
2983	6
2984	6
2985	6
2986	6
2987	6
2988	6
2989	6
2990	6
2991	6
2992	6
2993	6
2994	6
2995	6
2996	6
2997	6
2998	6
2999	6
3000	6
3001	6
3002	6
3003	6
3004	6
3005	6
3006	6
3007	6
3008	6
3009	6
3010	6
3011	6
3012	6
3013	6
3014	6
3015	6
3016	6
3017	6
3018	6
3019	6
3020	6
3021	6
3022	6
3023	6
3024	6
3025	6
3026	6
3027	6
3028	6
3029	6
3030	6
3031	6
3032	6
3033	6
3034	6
3035	6
3036	6
3037	6
3038	6
3039	6
3040	6
3041	6
3042	6
3043	6
3044	6
3045	6
3046	6
3047	6
3048	6
3049	6
3050	6
3051	6
3052	6
3053	6
3054	6
3055	6
3056	6
3057	6
3058	6
3059	6
3060	6
3061	6
3062	6
3063	6
3064	6
3065	6
3066	6
3067	6
3068	6
3069	6
3070	6
3071	6
3072	6
3073	6
3074	6
3075	6
3076	6
3077	6
3078	6
3079	6
3080	6
3081	6
3082	6
3083	6
3084	6
3085	6
3086	6
3087	6
3088	6
3089	6
3090	6
3091	6
3092	6
3093	6
3094	6
3095	6
3096	6
3097	6
3098	6
3099	6
3100	6
3101	6
3102	6
3103	6
3104	6
3105	6
3106	6
3107	6
3108	6
3109	6
3110	6
3111	6
3112	6
3113	6
3114	6
3115	6
3116	6
3117	6
3118	6
3119	6
3120	6
3121	6
3122	6
3123	6
3124	6
3125	6
3126	6
3127	6
3128	6
3129	6
3130	6
3131	6
3132	6
3133	6
3134	6
3135	6
3136	6
3137	6
3138	6
3139	6
3140	6
3141	6
3142	6
3143	6
3144	6
3145	6
3146	6
3147	6
3148	6
3149	6
3150	6
3151	6
3152	6
3153	6
3154	6
3155	6
3156	6
3157	6
3158	6
3159	6
3160	6
3161	6
3162	6
3163	6
3164	6
3165	6
3166	6
3167	6
3168	6
3169	6
3170	6
3171	6
3172	6
3173	6
3314	9
3434	3
3435	3
3436	3
3437	3
3438	3
3439	3
3440	3
3441	3
3442	3
3443	3
3444	3
3445	3
3446	3
3447	3
3448	3
3449	3
3450	3
3451	3
3452	3
3453	3
3454	3
3455	3
3456	3
3457	3
3458	3
3459	3
3460	3
3461	3
3462	3
3463	3
3504	5
3505	5
3506	5
3507	5
3509	3
3510	3
3511	3
3512	3
3513	3
3514	3
3515	3
3516	3
3517	3
3518	3
3519	3
3520	3
3521	3
3522	3
3523	3
3524	3
3525	3
3526	3
3527	3
3528	3
3529	3
3530	3
3531	3
3532	3
3533	3
3534	3
3535	3
3536	3
3537	3
3538	3
3539	3
3540	3
3541	3
3542	3
3543	3
3544	3
3547	9
3548	9
3549	9
3550	9
3551	9
3552	9
3553	9
3554	9
3555	9
3556	9
3557	9
3558	9
3559	9
3560	9
3561	9
3562	9
3563	9
3564	9
3565	9
3566	9
3567	9
3568	9
3569	9
3570	9
3571	6
3572	6
3573	6
3574	6
3575	6
3576	6
3577	6
3578	6
3579	6
3580	6
3581	6
3582	6
3583	6
3584	6
3585	6
3586	6
3587	9
3588	9
3589	9
3590	9
3591	9
3592	9
3593	9
3594	9
3595	9
3596	9
3597	9
3598	9
3599	9
3600	9
3601	9
3602	9
3603	9
3604	9
3605	9
3606	9
3607	9
3608	9
3609	9
3610	9
3611	9
3612	9
3613	9
3614	9
3615	9
3616	9
3617	6
3618	6
3619	6
3620	9
3621	9
3622	9
3623	9
3624	9
3625	9
3626	6
3627	6
3628	6
3629	9
3630	9
3631	9
3632	9
3633	9
3634	9
3635	6
3636	6
3637	6
3638	9
3639	9
3640	9
3641	9
3642	9
3643	9
3644	6
3645	6
3646	6
3647	9
3648	9
3649	9
3650	9
3651	9
3652	9
3653	6
3654	6
3655	6
3656	9
3657	9
3658	9
3659	9
3660	9
3661	9
3662	6
3663	6
3664	6
3665	9
3666	9
3667	9
3668	9
3669	9
3670	9
3671	6
3672	6
3673	6
3674	9
3675	9
3676	9
3677	9
3678	9
3679	9
3680	6
3681	6
3682	6
3683	9
3684	9
3685	9
3686	9
3687	9
3688	9
3689	9
3690	9
3691	9
3692	6
3693	6
3694	6
3695	9
3696	9
3697	9
3698	9
3699	9
3700	9
3701	9
3702	9
3703	9
3704	6
3705	6
3706	6
3707	9
3708	9
3709	9
3710	9
3711	9
3712	9
3713	9
3714	9
3715	9
3716	6
3717	6
3718	6
3719	9
3720	9
3721	9
3722	9
3723	9
3724	9
3725	9
3726	9
3727	9
3728	6
3729	6
3730	6
3731	9
3732	9
3733	9
3734	9
3735	9
3736	9
3737	9
3738	9
3739	9
3740	6
3741	6
3742	6
3743	9
3744	9
3745	9
3746	9
3747	9
3748	9
3749	9
3750	9
3751	9
3752	6
3753	6
3754	6
3755	9
3756	9
3757	9
3758	9
3759	9
3760	9
3761	9
3762	9
3763	9
3764	6
3765	6
3766	6
3767	9
3768	9
3769	9
3770	9
3771	9
3772	9
3773	6
3774	6
3775	6
3776	9
3777	9
3778	9
3779	9
3780	9
3781	9
3782	9
3783	9
3784	9
3785	9
3786	9
3787	9
3788	6
3789	6
3790	6
3791	9
3792	9
3793	9
3794	9
3795	9
3796	9
3797	9
3798	9
3799	9
3800	6
3801	6
3802	6
3803	9
3804	9
3805	9
3806	9
3807	9
3808	9
3809	9
3810	9
3811	9
3812	6
3813	6
3814	6
3815	9
3816	9
3817	9
3818	9
3819	9
3820	9
3821	9
3822	9
3823	9
3824	6
3825	6
3826	6
3827	9
3828	9
3829	9
3830	9
3831	9
3832	9
3833	9
3834	9
3835	9
3836	6
3837	6
3838	6
3839	9
3840	9
3841	9
3842	9
3843	9
3844	9
3845	9
3846	9
3847	9
3848	6
3849	6
3850	6
3851	9
3852	9
3853	9
3854	9
3855	9
3856	9
3857	9
3858	9
3859	9
3860	6
3861	6
3862	6
3863	9
3864	9
3865	9
3866	9
3867	9
3868	9
3869	9
3870	9
3871	9
3872	6
3873	6
3874	6
3878	9
3879	9
3880	9
3881	6
3882	9
3883	9
3884	9
3885	6
3886	9
3887	9
3888	9
3889	6
3890	9
3891	9
3892	9
3893	6
3894	9
3895	9
3896	9
3897	6
3898	9
3899	9
3900	9
3901	6
3902	9
3903	9
3904	9
3905	6
3906	9
3907	9
3908	9
3909	6
3910	9
3911	9
3912	9
3913	6
3914	9
3915	9
3916	9
3917	6
3918	9
3919	9
3920	9
3921	6
3922	9
3923	9
3924	9
3925	6
3931	9
3932	9
3933	9
3934	6
3935	9
3936	9
3937	9
3938	6
3939	9
3940	9
3941	9
3942	6
3943	9
3944	9
3945	9
3946	6
3947	9
3948	9
3949	9
3950	6
3951	9
3952	9
3953	9
3954	6
3955	9
3956	9
3957	9
3958	6
3959	9
3960	9
3961	9
3962	6
3963	9
3964	9
3965	9
3966	6
3967	9
3968	9
3969	9
3970	6
3971	9
3972	9
3973	9
3974	6
3975	9
3976	9
3977	9
3978	6
4016	5
4043	5
4052	6
4053	6
4054	6
4055	6
4056	6
4057	6
4058	6
4059	6
4060	6
4061	6
4062	6
4063	6
4064	6
4065	6
4066	6
4067	6
4068	6
4069	6
4070	6
4071	6
4072	6
4073	6
4074	6
4075	6
4076	6
4077	6
4078	6
4079	6
4080	6
4081	6
4082	6
4083	6
4084	6
4085	6
4086	6
4087	6
4088	6
4089	6
4090	6
4091	6
4092	6
4093	6
4094	6
4095	6
4096	6
4097	6
4098	6
4099	6
4100	6
4101	6
4102	6
4103	6
4104	6
4105	6
4106	6
4107	6
4108	6
4109	6
4110	6
4111	6
4112	6
4113	6
4114	6
4115	6
4116	6
4117	6
4118	6
4119	6
4120	6
4121	6
4122	6
4123	6
4124	6
4125	6
4126	6
4127	6
4128	6
4129	6
4130	6
4131	6
4132	6
4133	6
4134	6
4135	6
4136	6
4137	6
4138	6
4139	6
4140	6
4141	6
4142	6
4143	6
4144	6
4145	6
4146	6
4147	6
4148	6
4149	6
4150	6
4151	6
4152	6
4153	6
4154	6
4155	6
4156	6
4157	6
4158	6
4159	6
4160	6
4161	6
4162	6
4163	6
4164	6
4165	6
4166	6
4167	6
4168	6
4169	6
4170	6
4171	6
4173	6
4174	6
4175	6
4176	6
4177	6
4178	6
4179	6
4180	6
4181	6
4182	6
4183	6
4184	6
4199	5
4212	5
4277	9
4278	9
4279	9
4280	9
4281	9
4282	9
4283	6
4284	6
4285	6
4286	6
4287	6
4288	6
4289	9
4290	9
4291	9
4292	9
4293	9
4294	9
4295	6
4297	6
4298	6
4299	6
4300	6
4301	6
4302	9
4303	9
4304	9
4305	9
4306	9
4307	9
4308	6
4309	6
4310	6
4311	6
4312	6
4313	6
4314	9
4315	9
4316	9
4317	9
4318	9
4319	9
4320	6
4321	6
4322	6
4323	6
4324	6
4325	6
4326	9
4327	9
4328	9
4329	9
4330	9
4331	9
4332	6
4333	6
4334	6
4335	6
4336	6
4337	6
4338	9
4339	9
4340	9
4341	9
4342	9
4343	9
4344	6
4345	6
4346	6
4347	6
4348	6
4349	6
4350	9
4351	9
4352	9
4353	9
4354	9
4355	9
4356	6
4357	6
4358	6
4359	6
4360	6
4361	6
4362	9
4363	9
4364	9
4365	9
4366	9
4367	9
4368	6
4369	6
4370	6
4371	6
4372	6
4373	6
4374	9
4375	9
4376	9
4377	9
4378	9
4379	9
4380	6
4381	6
4382	6
4383	6
4384	6
4385	6
4386	9
4387	9
4388	9
4389	9
4390	9
4391	9
4392	6
4393	6
4394	6
4395	6
4396	6
4397	6
4398	9
4399	9
4400	9
4401	9
4402	9
4403	9
4404	6
4405	6
4406	6
4407	6
4408	6
4409	6
4410	9
4411	9
4412	9
4413	9
4414	9
4415	9
4416	6
4417	6
4418	6
4419	6
4420	6
4421	6
4444	6
4445	6
4446	6
4470	6
4471	6
4472	6
4473	6
4474	6
4475	6
4476	6
4477	6
4478	6
4479	6
4480	6
4481	6
4482	6
4483	6
4484	6
4485	6
4486	6
4487	6
4488	6
4489	6
4490	6
4491	6
4492	6
4493	6
4494	6
4495	6
4496	6
4497	6
4498	6
4499	6
4500	6
4501	6
4502	6
4503	6
4504	6
4505	6
4506	6
4507	6
4508	6
4509	6
4510	6
4511	6
4512	6
4513	6
4514	6
4515	6
4516	6
4517	6
4518	6
4519	6
4520	6
4521	6
4522	6
4523	6
4524	6
4525	6
4526	6
4527	6
4528	6
4529	6
4530	6
4531	6
4532	6
4533	6
4534	6
4535	6
4536	6
4537	6
4538	6
4539	6
4540	6
4541	6
4636	5
4637	5
4638	5
4639	5
4640	5
4641	5
4642	5
4643	5
4644	5
4645	5
4646	5
4647	5
4703	8
4704	8
4705	8
4706	8
4707	8
4708	8
4709	8
4710	8
4711	8
4712	8
4713	8
4714	8
4715	8
4791	9
4792	9
4793	9
4794	9
4795	9
4796	9
4797	9
4798	9
4799	9
4800	9
4801	9
4802	9
4803	9
4804	9
4805	6
4806	6
4807	6
4808	6
4809	6
4810	6
4811	6
4812	6
4813	6
4814	6
4815	6
4816	6
4817	6
4818	6
4819	9
4820	9
4821	9
4822	9
4823	9
4824	9
4825	9
4826	9
4827	9
4828	9
4829	9
4830	9
4831	9
4832	9
4833	6
4834	6
4835	6
4836	6
4837	6
4838	6
4839	6
4840	6
4841	6
4842	6
4843	6
4844	6
4845	6
4846	6
4847	9
4848	9
4849	9
4850	9
4851	9
4852	9
4853	9
4854	9
4855	9
4856	9
4857	9
4858	9
4859	9
4860	9
4861	6
4862	6
4863	6
4864	6
4865	6
4866	6
4867	6
4868	6
4869	6
4870	6
4871	6
4872	6
4873	6
4874	6
4875	9
4876	9
4877	9
4878	9
4879	9
4880	9
4881	9
4882	9
4883	9
4884	9
4885	9
4886	9
4887	9
4888	9
4889	6
4890	6
4891	6
4892	6
4893	6
4894	6
4895	6
4896	6
4897	6
4898	6
4899	6
4900	6
4901	6
4902	6
4903	9
4904	9
4905	6
4906	6
4907	6
4908	6
4909	9
4910	9
4911	6
4912	6
4913	6
4914	6
4915	9
4916	9
4917	6
4918	6
4919	6
4920	6
4921	9
4922	9
4923	6
4924	6
4925	6
4926	6
4927	9
4928	9
4929	9
4930	9
4931	9
4932	9
4933	9
4934	9
4935	9
4936	9
4937	9
4938	9
4939	9
4940	9
4941	6
4942	6
4943	6
4944	6
4945	6
4946	6
4947	6
4948	6
4949	6
4950	6
4951	6
4952	6
4953	6
4954	6
4955	9
4956	9
4957	9
4958	9
4959	9
4960	9
4961	9
4962	9
4963	9
4964	9
4965	9
4966	9
4967	9
4968	9
4969	6
4970	6
4971	6
4972	6
4973	6
4974	6
4975	6
4976	6
4977	6
4978	6
4979	6
4980	6
4981	6
4982	6
4983	9
4984	9
4985	9
4986	9
4987	9
4988	9
4989	9
4990	9
4991	9
4992	9
4993	9
4994	9
4995	9
4996	9
4997	6
4998	6
4999	6
5000	6
5001	6
5002	6
5003	6
5004	6
5005	6
5006	6
5007	6
5008	6
5009	6
5010	6
5011	9
5012	9
5013	9
5014	9
5015	9
5016	9
5017	9
5018	9
5019	9
5020	9
5021	9
5022	9
5023	9
5024	9
5025	6
5026	6
5027	6
5028	6
5029	6
5030	6
5031	6
5032	6
5033	6
5034	6
5035	6
5036	6
5037	6
5038	6
5039	9
5040	9
5041	9
5042	9
5043	9
5044	9
5045	9
5046	9
5047	9
5048	9
5049	9
5050	9
5051	9
5052	9
5053	6
5054	6
5055	6
5056	6
5057	6
5058	6
5059	6
5060	6
5061	6
5062	6
5063	6
5064	6
5065	6
5066	6
5067	9
5068	9
5069	9
5070	9
5071	9
5072	9
5073	9
5074	9
5075	9
5076	9
5077	9
5078	9
5079	9
5080	9
5081	6
5082	6
5083	6
5087	6
5088	6
5089	6
5090	6
5091	6
5092	6
5093	6
5094	6
5095	6
5096	6
5097	6
5098	9
5099	9
5100	9
5101	9
5102	9
5103	9
5104	9
5105	9
5106	9
5107	9
5108	9
5109	9
5110	9
5111	9
5112	6
5113	6
5114	6
5115	6
5116	6
5117	6
5118	6
5119	6
5120	6
5121	6
5122	6
5123	6
5124	6
5125	6
5126	9
5127	9
5128	9
5129	9
5130	9
5131	9
5132	9
5133	9
5134	9
5135	9
5136	9
5137	9
5138	9
5139	9
5140	6
5141	6
5142	6
5143	6
5144	6
5145	6
5146	6
5147	6
5148	6
5149	6
5150	6
5151	6
5152	6
5153	6
5154	9
5155	9
5156	9
5157	9
5158	9
5159	9
5160	9
5161	9
5162	9
5163	9
5164	9
5165	9
5166	9
5167	9
5168	6
5169	6
5170	6
5171	6
5172	6
5173	6
5174	6
5175	6
5176	6
5177	6
5178	6
5179	6
5180	6
5181	6
5182	9
5183	9
5184	9
5185	9
5186	9
5187	9
5188	9
5189	9
5190	9
5191	9
5192	9
5193	9
5194	9
5195	9
5196	6
5197	6
5198	6
5199	6
5200	6
5201	6
5202	6
5203	6
5204	6
5205	6
5206	6
5207	6
5208	6
5209	6
5210	9
5211	9
5212	9
5213	9
5214	9
5215	9
5216	9
5217	9
5218	9
5219	9
5220	9
5221	9
5222	9
5223	9
5224	6
5225	6
5226	6
5227	6
5228	6
5229	6
5230	6
5231	6
5232	6
5233	6
5234	6
5235	6
5236	6
5237	6
5238	9
5239	9
5240	9
5241	9
5242	9
5243	9
5244	9
5245	9
5246	9
5247	9
5248	9
5249	9
5250	9
5251	9
5252	6
5253	6
5254	6
5255	6
5256	6
5257	6
5258	6
5259	6
5260	6
5261	6
5262	6
5263	6
5264	6
5265	6
5266	9
5267	9
5268	6
5269	6
5270	6
5271	6
5272	9
5273	9
5274	6
5275	6
5276	6
5277	6
5278	9
5279	9
5280	6
5281	6
5282	6
5283	6
5284	9
5285	9
5286	6
5287	6
5288	6
5289	6
5290	9
5291	9
5292	9
5293	9
5294	9
5295	9
5296	9
5297	9
5298	9
5299	9
5300	9
5301	9
5302	9
5303	9
5304	6
5305	6
5306	6
5307	6
5308	6
5309	6
5310	6
5311	6
5312	6
5313	6
5314	6
5315	6
5316	6
5317	6
5318	9
5319	9
5320	9
5321	9
5322	9
5323	9
5324	9
5325	9
5326	9
5327	9
5328	9
5329	9
5330	9
5331	9
5332	6
5333	6
5334	6
5335	6
5336	6
5337	6
5338	6
5339	6
5340	6
5341	6
5342	6
5343	6
5344	6
5345	6
5346	9
5347	9
5348	9
5349	9
5350	9
5351	9
5352	9
5353	9
5354	9
5355	9
5356	9
5357	9
5358	9
5359	9
5360	6
5361	6
5362	6
5363	6
5364	6
5365	6
5366	6
5367	6
5368	6
5369	6
5370	6
5371	6
5372	6
5373	6
5374	9
5375	9
5376	9
5377	9
5378	9
5379	9
5380	9
5381	9
5382	9
5383	9
5384	9
5385	9
5386	9
5387	9
5388	6
5389	6
5390	6
5391	6
5392	6
5393	6
5394	6
5395	6
5396	6
5397	6
5398	6
5399	6
5400	6
5401	6
5402	9
5403	9
5404	9
5405	9
5406	9
5407	9
5408	9
5409	9
5410	9
5411	9
5412	9
5413	9
5414	9
5415	9
5416	6
5417	6
5418	6
5419	6
5420	6
5421	6
5422	6
5423	6
5424	6
5425	6
5426	6
5427	6
5428	6
5429	6
5430	9
5431	9
5432	9
5433	9
5434	9
5435	9
5436	9
5437	9
5438	9
5439	9
5440	9
5441	9
5442	9
5443	9
5444	6
5445	6
5446	6
5447	6
5448	6
5449	6
5450	6
5451	6
5452	6
5453	6
5454	6
5455	6
5456	6
5457	6
5458	9
5459	9
5460	9
5461	9
5462	9
5463	9
5464	9
5465	9
5466	9
5467	9
5468	9
5469	9
5470	9
5471	9
5472	6
5473	6
5474	6
5475	6
5476	6
5477	6
5478	6
5479	6
5480	6
5481	6
5482	6
5483	6
5484	6
5485	6
5486	9
5487	9
5488	9
5489	9
5490	9
5491	9
5492	9
5493	9
5494	9
5495	9
5496	9
5497	9
5498	9
5499	9
5500	6
5501	6
5502	6
5503	6
5504	6
5505	6
5506	6
5507	6
5508	6
5509	6
5510	6
5511	6
5512	6
5513	6
5525	3
5526	3
5527	3
5528	3
5529	3
5550	9
5551	9
5552	9
5553	9
5554	9
5555	9
5556	9
5557	9
5558	9
5559	6
5560	6
5561	6
5562	9
5563	6
5564	6
5565	6
5566	9
5567	6
5568	6
5569	6
5570	9
5571	6
5572	6
5573	6
5574	9
5575	9
5576	9
5577	9
5578	9
5579	9
5580	9
5581	9
5582	9
5583	9
5584	9
5585	9
5586	9
5587	9
5588	9
5589	9
5601	6
5602	6
5603	6
5604	6
5605	6
5606	6
5607	6
5608	6
5609	6
5610	6
5611	6
5612	6
5613	6
5614	6
5615	6
5616	6
5617	6
5618	6
5619	6
5620	6
5621	6
5622	6
5623	6
5624	6
5625	6
5626	6
5627	6
5628	6
5629	6
5630	6
5631	6
5632	6
5633	6
5634	6
5635	6
5636	6
5637	6
5638	6
5639	6
5640	6
5641	6
5642	6
5643	6
5644	6
5645	6
5646	6
5647	6
5648	6
5649	6
5650	6
5651	6
5652	6
5653	6
5654	6
5655	6
5656	6
5657	6
5658	6
5659	6
5660	6
5661	6
5662	6
5663	6
5664	6
5665	6
5666	6
5667	6
5668	6
5669	6
5670	6
5671	6
5672	6
5673	6
5674	6
5675	6
5676	6
5677	6
5678	6
5679	6
5680	6
5681	6
5682	6
5683	6
5684	6
5685	6
5686	6
5687	6
5688	6
5689	6
5690	6
5691	6
5692	6
5693	6
5694	6
5695	6
5696	6
5697	6
5698	6
5699	6
5700	6
5701	6
5702	6
5703	6
5704	6
5705	6
5706	6
5707	6
5708	6
5709	6
5710	6
5711	6
5712	6
5713	6
5714	6
5715	6
5716	6
5717	6
5718	6
5719	6
5720	6
5721	6
5722	6
5723	6
5724	6
5725	6
5726	6
5727	6
5728	6
5729	6
5730	6
5731	6
5732	6
5733	6
5734	6
5735	6
5736	6
5737	6
5738	6
5739	6
5740	6
5741	6
5742	6
5743	6
5744	6
5745	6
5746	6
5747	6
5748	6
5749	6
5750	6
5751	6
5752	6
5753	6
5754	6
5755	6
5756	6
5757	6
5758	6
5759	6
5760	6
5761	6
5762	6
5763	6
5764	6
5765	6
5766	6
5767	6
5768	6
5769	6
5770	6
5771	6
5772	6
5773	6
5774	6
5775	6
5776	6
5777	6
5778	6
5779	6
5780	6
5781	6
5782	6
5783	6
5784	6
5785	6
5786	6
5787	6
5788	6
5789	6
5790	6
5791	6
5792	6
5793	6
5794	6
5795	6
5796	6
5797	6
5798	6
5799	6
5800	6
5801	6
5802	6
5803	6
5804	6
5805	6
5806	6
5807	6
5808	6
5809	6
5810	6
5811	6
5812	6
5813	6
5814	6
5815	6
5816	6
5817	6
5818	6
5819	6
5820	6
5821	6
5822	6
5823	6
5824	6
5825	6
5826	6
5827	6
5828	6
5829	6
5830	6
5831	6
5832	6
5833	6
5834	6
5835	6
5836	6
5837	6
5838	6
5839	6
5840	6
5841	6
5842	6
5843	6
5844	6
5845	6
5846	6
5847	6
5848	6
5849	6
5850	6
5851	6
5852	6
5853	6
5854	6
5855	6
5856	6
5857	6
5858	6
5859	6
5860	6
5861	6
5862	6
5863	6
5864	6
5865	6
5866	6
5867	6
5868	6
5869	6
5870	6
5871	6
5872	6
5873	6
5874	6
5875	6
5876	6
5877	6
5878	6
5879	6
5880	6
5881	6
5882	6
5883	6
5884	6
5885	6
5886	6
5887	6
5888	6
5889	6
5890	6
5891	6
5892	6
5893	6
5894	6
5895	6
5896	6
5897	6
5898	6
5899	6
5900	6
5901	6
5902	6
5903	6
5904	6
5905	6
5906	6
5907	6
5908	6
5909	6
5910	6
5911	6
5912	6
5913	6
5914	6
5915	6
5916	6
5917	6
5918	6
5919	6
5920	6
5921	6
5922	6
5923	6
5924	6
5925	6
5926	6
5927	6
5928	6
5929	6
5930	6
5931	6
5932	6
5933	6
5934	6
5935	6
5936	6
5937	6
5938	6
5939	6
5940	6
5941	6
5942	6
5943	6
5944	6
5945	6
5946	6
5947	6
5948	6
5949	6
5950	6
5951	6
5952	6
5953	6
5954	6
5955	6
5956	6
5957	6
5958	6
5959	6
5960	6
5961	6
5962	6
5963	6
5964	6
5965	6
5966	6
5967	6
5968	6
5969	6
5970	6
5971	6
5972	6
5973	6
5974	6
5975	6
5976	6
5977	6
5978	6
5979	6
5980	6
5981	6
5982	6
5983	6
5984	6
6033	8
6034	8
6035	8
6036	8
6037	8
6038	8
6039	8
6040	8
6041	8
6042	8
6043	8
6044	8
6045	8
6047	8
6048	8
6049	8
6050	8
6051	8
6052	8
6053	8
6054	8
6055	8
6056	8
6057	8
6058	8
6059	8
6131	3
6132	3
6133	3
6134	3
6135	3
6136	3
6137	3
6138	3
6139	3
6140	3
6141	3
6142	3
6143	3
6144	3
6145	3
6146	3
6147	3
6148	3
6149	3
6150	3
6151	3
6152	3
6153	3
6154	3
6155	3
6156	3
6157	3
6158	3
6159	3
6160	3
6161	3
6162	3
6163	3
6164	3
6165	3
6166	3
6231	9
6232	9
6233	9
6234	9
6296	3
6297	3
6298	3
6299	3
6300	3
6301	3
6302	3
6303	3
6304	3
6305	3
6306	3
6307	3
6308	3
6309	3
6310	3
6311	3
6312	3
6313	3
6314	3
6315	3
6316	3
6317	3
6318	3
6319	3
6320	3
6321	3
6322	3
6323	3
6324	3
6325	3
6326	3
6327	3
6328	3
6329	3
6330	3
6331	3
6332	3
6333	3
6334	3
6335	3
6336	9
6337	9
6338	9
6339	9
6340	9
6341	9
6342	9
6343	9
6344	9
6345	9
6346	9
6417	8
6418	8
6419	8
6420	8
6421	8
6422	8
6423	8
6424	8
6425	8
6426	8
6427	8
6428	3
6445	3
6446	3
6447	3
6448	3
6449	3
6450	3
6451	3
6452	3
6453	3
6454	3
6455	3
6456	3
6457	3
6458	3
6459	3
6460	3
6470	9
6471	9
6472	9
6513	6
6514	6
6515	6
6516	6
6517	6
6518	6
6519	6
6520	6
6521	6
6522	6
6523	6
6524	6
6525	6
6526	6
6527	6
6528	6
6529	6
6530	6
6531	6
6532	6
6533	6
6534	6
6535	6
6536	6
6537	6
6538	6
6539	6
6540	6
6541	6
6560	4
6576	4
7916	4
7920	9
7928	9
7932	9
7935	9
7939	9
8224	9
8225	9
8226	9
8227	9
8228	9
8229	9
8230	9
8231	9
8232	9
8233	9
8234	9
8235	9
8236	9
8237	9
8238	6
8239	6
8240	6
8241	6
8242	6
8243	6
8244	6
8245	6
8246	6
8247	6
8248	6
8249	6
8250	6
8251	6
8252	9
8253	9
8254	9
8255	9
8256	9
8257	9
8258	9
8259	9
8260	9
8261	9
8262	9
8263	9
8264	9
8265	9
8266	6
8267	6
8268	6
8269	6
8270	6
8271	6
8272	6
8273	6
8274	6
8275	6
8276	6
8277	6
8278	6
8279	6
8280	9
8281	9
8282	9
8283	9
8284	9
8285	9
8286	9
8287	9
8288	9
8289	9
8290	9
8291	9
8292	9
8293	9
8294	6
8295	6
8296	6
8297	6
8298	6
8299	6
8300	6
8301	6
8302	6
8303	6
8304	6
8305	6
8306	6
8307	6
8308	9
8309	9
8310	9
8311	9
8312	9
8313	9
8314	9
8315	9
8316	9
8317	9
8318	9
8319	9
8320	9
8321	9
8322	6
8323	6
8324	6
8325	6
8326	6
8327	6
8328	6
8329	6
8330	6
8331	6
8332	6
8333	6
8334	6
8335	6
8336	9
8337	9
8338	9
8339	9
8340	9
8341	9
8342	9
8343	9
8344	9
8345	9
8346	9
8347	9
8348	9
8349	9
8350	6
8351	6
8352	6
8353	6
8354	6
8355	6
8356	6
8357	6
8358	6
8359	6
8360	6
8361	6
8362	6
8363	6
8364	9
8365	9
8366	9
8367	9
8368	9
8369	9
8370	9
8371	9
8372	9
8373	9
8374	9
8375	9
8376	9
8377	9
8378	6
8379	6
8380	6
8381	6
8382	6
8383	6
8384	6
8385	6
8386	6
8387	6
8388	6
8389	6
8390	6
8391	6
8392	9
8393	9
8394	9
8395	9
8396	9
8397	9
8398	9
8399	9
8400	9
8401	9
8402	9
8403	9
8404	9
8405	9
8406	6
8407	6
8408	6
8409	6
8410	6
8411	6
8412	6
8413	6
8414	6
8415	6
8416	6
8417	6
8418	6
8419	6
8420	9
8421	9
8422	9
8423	9
8424	9
8425	9
8426	9
8427	9
8428	9
8429	9
8430	9
8431	9
8432	9
8433	9
8434	6
8435	6
8436	6
8437	6
8438	6
8439	6
8440	6
8441	6
8442	6
8443	6
8444	6
8445	6
8446	6
8447	6
8449	9
8450	9
8451	9
8452	9
8453	9
8454	9
8455	9
8456	9
8457	9
8458	9
8459	9
8460	9
8461	9
8462	9
8463	6
8464	6
8465	6
8466	6
8467	6
8468	6
8469	6
8470	6
8471	6
8472	6
8473	6
8474	6
8475	6
8476	6
8478	9
8480	9
8481	9
8483	9
8484	9
8485	9
8486	9
8487	9
8489	9
8490	9
8492	9
8493	9
8495	9
8496	9
8497	6
8498	6
8499	6
8500	6
8501	6
8502	6
8503	6
8504	6
8505	6
8506	6
8507	6
8508	6
8510	6
8512	6
8514	9
8516	9
8518	9
8520	9
8521	9
8522	9
8523	9
8524	9
8525	9
8526	9
8527	9
8528	9
8529	9
8530	9
8531	6
8540	6
8542	6
8543	6
8545	6
8548	6
8549	6
8551	6
8553	6
8555	6
8557	6
8559	6
8561	6
8562	6
8563	9
8564	9
8566	9
8568	9
8570	9
8571	9
8572	9
8573	9
8574	9
8575	9
8576	9
8577	9
8578	9
8579	9
8580	6
8581	6
8582	6
8583	6
8584	6
8585	6
8586	6
8587	6
8588	6
8589	6
8590	6
8591	6
8592	6
8593	6
8594	9
8595	9
8596	9
8597	9
8598	9
8599	9
8600	9
8601	9
8602	9
8603	9
8604	9
8605	9
8606	9
8607	9
8608	6
8609	6
8610	6
8611	6
8612	6
8613	6
8614	6
8615	6
8616	6
8617	6
8618	6
8619	6
8620	6
8621	6
8622	9
8623	9
8624	9
8625	9
8626	9
8627	9
8628	9
8629	9
8630	9
8631	9
8632	9
8633	9
8634	9
8635	9
8636	6
8637	6
8638	6
8639	6
8640	6
8641	6
8642	6
8643	6
8644	6
8645	6
8646	6
8647	6
8648	6
8649	6
8650	9
8651	9
8652	9
8653	9
8654	9
8655	9
8656	9
8657	9
8658	9
8659	9
8660	9
8661	9
8662	9
8663	9
8664	6
8665	6
8666	6
8667	6
8668	6
8669	6
8670	6
8671	6
8672	6
8673	6
8674	6
8675	6
8676	6
8677	6
8678	9
8679	9
8680	9
8681	9
8682	9
8683	9
8684	9
8685	9
8686	9
8687	9
8688	9
8689	9
8690	9
8691	9
8692	6
8693	6
8694	6
8695	6
8696	6
8697	6
8698	6
8699	6
8700	6
8701	6
8702	6
8703	6
8704	6
8705	6
8706	9
8707	9
8708	6
8709	6
8710	6
8711	6
8712	9
8713	9
8714	6
8715	6
8716	6
8717	6
8718	9
8719	9
8720	6
8721	6
8722	6
8723	6
8724	9
8725	9
8726	6
8727	6
8728	6
8729	6
8730	9
8731	9
8732	6
8733	6
8734	6
8735	6
8736	9
8737	9
8738	6
8739	6
8740	6
8741	6
8742	9
8743	9
8744	6
8745	6
8746	6
8747	6
8748	9
8749	9
8750	6
8751	6
8752	6
8753	6
8754	9
8755	9
8756	6
8757	6
8758	6
8759	6
8760	9
8761	9
8762	6
8763	6
8764	6
8765	6
8766	9
8767	9
8768	6
8769	6
8770	6
8771	6
8772	9
8773	9
8774	6
8775	6
8776	6
8777	6
8778	9
8779	9
8780	6
8781	6
8782	6
8783	6
8784	9
8785	9
8786	6
8787	6
8788	6
8789	6
8790	9
8791	9
8792	6
8793	6
8794	6
8795	6
8796	9
8797	9
8798	6
8799	6
8800	6
8801	6
8802	9
8803	9
8804	9
8805	9
8806	9
8807	9
8808	9
8809	9
8810	9
8811	9
8812	9
8813	9
8814	9
8815	9
8816	6
8817	6
8818	6
8819	6
8820	6
8821	6
8822	6
8823	6
8824	6
8825	6
8826	6
8827	6
8828	6
8829	6
8830	9
8831	9
8832	9
8833	9
8834	9
8835	9
8836	9
8837	9
8838	9
8839	9
8840	9
8841	9
8842	9
8843	9
8844	6
8845	6
8846	6
8847	6
8848	6
8849	6
8850	6
8851	6
8852	6
8853	6
8854	6
8855	6
8856	6
8857	6
8858	9
8859	9
8860	9
8861	9
8862	9
8863	9
8864	9
8865	9
8866	9
8867	9
8868	9
8869	9
8870	9
8871	9
8872	6
8873	6
8874	6
8875	6
8876	6
8877	6
8878	6
8879	6
8880	6
8881	6
8882	6
8883	6
8884	6
8885	6
8886	9
8887	9
8888	9
8889	9
8890	9
8891	9
8892	9
8893	9
8894	9
8895	9
8896	9
8897	9
8898	9
8899	9
8900	6
8901	6
8902	6
8903	6
8904	6
8905	6
8906	6
8907	6
8908	6
8909	6
8910	6
8911	6
8912	6
8913	6
8914	9
8915	9
8916	9
8917	9
8918	9
8919	9
8920	9
8921	9
8922	9
8923	9
8924	9
8925	9
8926	9
8927	9
8928	6
8929	6
8930	6
8931	6
8932	6
8933	6
8934	6
8935	6
8936	6
8937	6
8938	6
8939	6
8940	6
8941	6
8942	9
8943	9
8944	9
8945	9
8946	9
8947	9
8948	9
8949	9
8950	9
8951	9
8952	9
8953	9
8954	9
8955	9
8956	6
8957	6
8958	6
8959	6
8960	6
8961	6
8962	6
8963	6
8964	6
8965	6
8966	6
8967	6
8968	6
8969	6
8970	9
8971	9
8972	9
8973	9
8974	9
8975	9
8976	9
8977	9
8978	9
8979	9
8980	9
8981	9
8982	9
8983	9
8984	6
8985	6
8986	6
8987	6
8988	6
8989	6
8990	6
8991	6
8992	6
8993	6
8994	6
8995	6
8996	6
8997	6
8998	9
8999	9
9000	9
9001	9
9002	9
9003	9
9004	9
9005	9
9006	9
9007	9
9008	9
9009	9
9010	9
9011	9
9012	6
9013	6
9014	6
9015	6
9016	6
9017	6
9018	6
9019	6
9020	6
9021	6
9022	6
9023	6
9024	6
9025	6
9026	9
9027	9
9028	9
9029	9
9030	9
9031	9
9032	9
9033	9
9034	9
9035	9
9036	9
9037	9
9038	9
9039	9
9040	6
9041	6
9042	6
9043	6
9044	6
9045	6
9046	6
9047	6
9048	6
9049	6
9050	6
9051	6
9052	6
9053	6
9054	9
9055	9
9056	9
9057	9
9058	9
9059	9
9060	9
9061	9
9062	9
9063	9
9064	9
9065	9
9066	9
9067	9
9068	6
9069	6
9070	6
9071	6
9072	6
9073	6
9074	6
9075	6
9076	6
9077	6
9078	6
9079	6
9080	6
9081	6
9082	9
9083	9
9084	9
9085	9
9086	9
9087	9
9088	9
9089	9
9090	9
9091	9
9092	9
9093	9
9094	9
9095	9
9096	6
9097	6
9098	6
9099	6
9100	6
9101	6
9102	6
9103	6
9104	6
9105	6
9106	6
9107	6
9108	6
9109	6
9110	9
9111	9
9112	9
9113	9
9114	9
9115	9
9116	9
9117	9
9118	9
9119	9
9120	9
9121	9
9122	9
9123	9
9124	6
9125	6
9126	6
9127	6
9128	6
9129	6
9130	6
9131	6
9132	6
9133	6
9134	6
9135	6
9136	6
9137	6
9138	9
9139	9
9140	9
9141	9
9142	9
9143	9
9144	9
9145	9
9146	9
9147	9
9148	9
9149	9
9150	9
9151	9
9152	6
9153	6
9154	6
9155	6
9156	6
9157	6
9158	6
9159	6
9160	6
9161	6
9162	6
9163	6
9164	6
9165	6
9166	9
9167	9
9168	9
9169	9
9170	9
9171	9
9172	9
9173	9
9174	9
9175	9
9176	9
9177	9
9178	9
9179	9
9180	6
9181	6
9182	6
9183	6
9184	6
9185	6
9186	6
9187	6
9188	6
9189	6
9190	6
9191	6
9192	6
9193	6
9194	9
9195	9
9196	9
9197	9
9198	9
9199	9
9200	9
9201	9
9202	9
9203	9
9204	9
9205	9
9206	9
9207	9
9208	6
9209	6
9210	6
9211	6
9212	6
9213	6
9214	6
9215	6
9216	6
9217	6
9218	6
9219	6
9220	6
9221	6
9222	9
9223	9
9224	9
9225	9
9226	9
9227	9
9228	9
9229	9
9230	9
9231	9
9232	9
9233	9
9234	9
9235	9
9236	6
9237	6
9238	6
9239	6
9240	6
9241	6
9242	6
9243	6
9244	6
9245	6
9246	6
9247	6
9248	6
9249	6
9250	9
9251	9
9252	9
9253	9
9254	9
9255	9
9256	9
9257	9
9258	9
9259	9
9260	9
9261	9
9262	9
9263	9
9264	6
9265	6
9266	6
9267	6
9268	6
9269	6
9270	6
9271	6
9272	6
9273	6
9274	6
9275	6
9276	6
9277	6
9278	9
9279	9
9280	9
9281	9
9282	9
9283	9
9284	9
9285	9
9286	9
9287	9
9288	9
9289	9
9290	9
9291	9
9292	6
9293	6
9294	6
9295	6
9296	6
9297	6
9298	6
9299	6
9300	6
9301	6
9302	6
9303	6
9304	6
9305	6
9306	9
9307	9
9308	9
9309	9
9310	9
9311	9
9312	9
9313	9
9314	9
9315	9
9316	9
9317	9
9318	9
9319	9
9320	6
9321	6
9322	6
9323	6
9324	6
9325	6
9326	6
9327	6
9328	6
9329	6
9330	6
9331	6
9332	6
9333	6
9334	9
9335	9
9336	9
9337	9
9338	9
9339	9
9340	9
9341	9
9342	9
9343	9
9344	9
9345	9
9346	9
9347	9
9348	6
9349	6
9350	6
9351	6
9352	6
9353	6
9354	6
9355	6
9356	6
9357	6
9358	6
9359	6
9360	6
9361	6
9362	9
9363	9
9364	9
9365	9
9366	9
9367	9
9368	9
9369	9
9370	9
9371	9
9372	9
9373	9
9374	9
9375	9
9376	6
9377	6
9378	6
9379	6
9380	6
9381	6
9382	6
9383	6
9384	6
9385	6
9386	6
9387	6
9388	6
9389	6
9390	9
9391	9
9392	9
9393	9
9394	9
9395	9
9396	9
9397	9
9398	9
9399	9
9400	9
9401	9
9402	9
9403	9
9404	6
9405	6
9406	6
9407	6
9408	6
9409	6
9410	6
9411	6
9412	6
9413	6
9414	6
9415	6
9416	6
9417	6
9418	9
9419	9
9420	9
9421	9
9422	9
9423	9
9424	9
9425	9
9426	9
9427	9
9428	9
9429	9
9430	9
9431	9
9432	6
9433	6
9434	6
9435	6
9436	6
9437	6
9438	6
9439	6
9440	6
9441	6
9442	6
9443	6
9444	6
9445	6
9446	9
9447	9
9448	9
9449	9
9450	9
9451	9
9452	9
9453	9
9454	9
9455	9
9456	9
9457	9
9458	9
9459	9
9460	6
9461	6
9462	6
9463	6
9464	6
9465	6
9466	6
9467	6
9468	6
9469	6
9470	6
9471	6
9472	6
9473	6
9474	9
9475	9
9476	9
9477	9
9478	9
9479	9
9480	9
9481	9
9482	9
9483	9
9484	9
9485	9
9486	9
9487	9
9488	6
9489	6
9490	6
9491	6
9492	6
9493	6
9494	6
9495	6
9496	6
9497	6
9498	6
9499	6
9500	6
9501	6
9502	9
9503	9
9504	9
9505	9
9506	9
9507	9
9508	9
9509	9
9510	9
9511	9
9512	9
9513	9
9514	9
9515	9
9516	6
9517	6
9518	6
9519	6
9520	6
9521	6
9522	6
9523	6
9524	6
9525	6
9526	6
9527	6
9528	6
9529	6
9530	9
9531	9
9532	9
9533	9
9534	9
9535	9
9536	9
9537	9
9538	9
9539	9
9540	9
9541	9
9542	9
9543	9
9544	6
9545	6
9546	6
9547	6
9548	6
9549	6
9550	6
9551	6
9552	6
9553	6
9554	6
9555	6
9556	6
9557	6
9558	9
9559	9
9560	9
9561	9
9562	9
9563	9
9564	9
9565	9
9566	9
9567	9
9568	9
9569	9
9570	9
9571	9
9572	6
9573	6
9574	6
9575	6
9576	6
9577	6
9578	6
9579	6
9580	6
9581	6
9582	6
9583	6
9584	6
9585	6
9586	9
9587	9
9588	9
9589	9
9590	9
9591	9
9592	9
9593	9
9594	9
9595	9
9596	9
9597	9
9598	9
9599	9
9600	6
9601	6
9602	6
9603	6
9604	6
9605	6
9606	6
9607	6
9608	6
9609	6
9610	6
9611	6
9612	6
9613	6
9614	9
9615	9
9616	9
9617	9
9618	9
9619	9
9620	9
9621	9
9622	9
9623	9
9624	9
9625	9
9626	9
9627	9
9628	6
9629	6
9630	6
9631	6
9632	6
9633	6
9634	6
9635	6
9636	6
9637	6
9638	6
9639	6
9640	6
9641	6
9642	9
9643	9
9644	9
9645	9
9646	9
9647	9
9648	9
9649	9
9650	9
9651	9
9652	9
9653	9
9654	9
9655	9
9656	6
9657	6
9658	6
9659	6
9660	6
9661	6
9662	6
9663	6
9664	6
9665	6
9666	6
9667	6
9668	6
9669	6
9670	9
9671	9
9672	9
9673	9
9674	9
9675	9
9676	9
9677	9
9678	9
9679	9
9680	9
9681	9
9682	9
9683	9
9684	6
9685	6
9686	6
9687	6
9688	6
9689	6
9690	6
9691	6
9692	6
9693	6
9694	6
9695	6
9696	6
9697	6
9712	6
9713	6
9714	6
9715	6
9716	6
9717	6
9718	6
9719	6
9720	6
9721	6
9722	6
9723	6
9724	6
9725	6
9726	6
9727	6
9728	6
9729	6
9730	6
9731	6
9732	6
9733	6
9734	6
9735	6
9736	6
9737	6
9738	6
9739	6
9740	6
9741	6
9742	6
9743	6
9744	6
9745	6
9746	6
9747	6
9748	6
9749	6
9750	6
9751	6
9752	6
9753	6
9754	6
9755	6
9756	6
9757	6
9758	6
9759	6
9760	6
9761	6
9762	6
9763	6
9764	6
9765	6
9766	6
9767	6
9768	6
9769	6
9770	6
9771	6
9772	6
9773	6
9774	6
9775	6
9776	6
9777	6
9778	6
9779	6
9780	6
9781	6
9782	6
9783	6
9784	6
9785	6
9786	6
9787	6
9788	6
9789	6
9790	6
9791	6
9792	6
9793	6
9794	6
9795	6
9796	6
9797	6
9798	6
9799	6
9800	6
9801	6
9802	6
9803	6
9804	6
9805	6
9806	6
9807	6
9808	6
9809	6
9810	6
9811	6
9812	6
9813	6
9814	6
9815	6
9816	6
9817	6
9818	6
9819	6
9820	6
9821	6
9822	6
9823	6
9824	6
9825	6
9826	6
9827	6
9828	6
9829	6
9830	6
9831	6
9832	6
9833	6
9834	6
9835	6
9836	6
9837	6
9838	6
9839	6
9840	6
9841	6
9842	6
9843	6
9844	6
9845	6
9846	6
9847	6
9848	6
9849	6
9850	6
9851	6
9852	6
9853	6
9854	6
9855	6
9856	6
9857	6
9858	6
9859	6
9860	6
9861	6
9862	6
9863	6
9864	6
9865	6
9866	6
9867	6
9868	6
9869	6
9870	6
9871	6
9872	6
9873	6
9874	6
9875	6
9876	6
9877	6
9878	6
9879	6
9880	6
9882	6
9883	6
9884	6
9885	6
9886	6
9887	6
9888	6
9889	6
9890	6
9891	6
9892	6
9893	6
9894	6
9895	6
9896	6
9897	6
9898	6
9899	6
9900	6
9902	6
9903	6
9904	6
9905	6
9906	6
9907	6
9908	6
9909	6
9910	6
9911	6
9912	6
9913	6
9914	6
9915	6
9916	6
9917	6
9918	6
9919	6
9920	6
9921	6
9922	6
9923	6
9924	6
9925	6
9926	6
9927	6
9929	6
9930	6
9931	6
9932	6
9933	6
9934	6
9935	6
9936	6
9937	6
9938	6
9939	6
9940	6
9941	6
9942	6
9943	6
9944	6
9945	6
9946	6
9947	6
9948	6
9949	6
9950	6
9951	6
9952	6
9953	6
9954	6
9955	6
9956	6
9957	6
9958	6
9959	6
9960	6
9961	6
9962	6
9963	6
9964	6
9965	6
9966	6
9967	6
9968	6
9969	6
9970	6
9971	6
9972	6
9973	6
9974	6
9975	6
9976	6
9977	6
9978	6
9979	6
9980	6
9981	6
9982	6
9983	6
9984	6
9985	6
9986	6
9987	6
9988	6
9989	6
9990	6
9991	6
9992	6
9993	6
9994	6
9995	6
9996	6
9997	6
9998	6
9999	6
10000	6
10001	6
10002	6
10003	6
10004	6
10005	6
10006	6
10007	6
10008	6
10009	6
10010	6
10011	6
10012	6
10013	6
10014	6
10015	6
10016	6
10017	6
10018	6
10019	6
10020	6
10021	6
10022	6
10023	6
10024	6
10025	6
10026	6
10027	6
10028	6
10029	6
10030	6
10031	6
10032	6
10033	6
10034	6
10035	6
10036	6
10037	6
10038	6
10039	6
10040	6
10041	6
10042	6
10043	6
10044	6
10045	6
10046	6
10047	6
10048	6
10049	6
10050	6
10051	6
10052	6
10053	6
10054	6
10055	6
10056	6
10057	6
10058	6
10059	6
10060	6
10061	6
10062	6
10063	6
10064	6
10065	6
10066	6
10067	6
10068	6
10069	6
10070	6
10071	6
10072	6
10073	6
10074	6
10075	6
10076	6
10077	6
10078	6
10079	6
10080	6
10081	6
10082	6
10083	6
10084	6
10085	6
10086	6
10087	6
10088	6
10089	6
10090	6
10091	6
10092	6
10093	6
10094	6
10095	6
10096	6
10097	6
10098	6
10100	6
10101	6
10102	6
10103	6
10104	6
10105	6
10106	6
10107	6
10108	6
10109	6
10110	6
10111	6
10112	6
10113	6
10114	6
10115	6
10116	6
10117	6
10118	6
10119	6
10120	6
10121	6
10122	6
10123	6
10124	6
10125	6
10126	6
10127	6
10128	6
10129	6
10130	6
10131	6
10132	6
10133	6
10134	6
10135	6
10136	6
10137	6
10138	6
10139	6
10140	6
10141	6
10142	6
10143	6
10144	6
10145	6
10146	6
10147	6
10148	6
10149	6
10150	6
10151	6
10152	6
10153	6
10154	6
10155	6
10156	6
10157	6
10158	6
10159	6
10160	6
10161	6
10162	6
10163	6
10164	6
10165	6
10166	6
10167	6
10168	6
10169	6
10170	6
10171	6
10172	6
10173	6
10174	6
10175	6
10176	6
10177	6
10178	6
10179	6
10180	6
10181	6
10182	6
10183	6
10184	6
10185	6
10186	6
10187	6
10188	6
10189	6
10190	6
10191	6
10192	6
10193	6
10194	6
10195	6
10196	6
10197	6
10198	6
10199	6
10200	6
10201	6
10202	6
10203	6
10204	6
10205	6
10206	6
10207	6
10208	6
10209	6
10210	6
10211	6
10212	6
10213	6
10214	6
10215	6
10216	6
10217	6
10218	6
10219	6
10220	6
10221	6
10222	6
10223	6
10224	6
10225	6
10226	6
10227	6
10228	6
10229	6
10230	6
10231	6
10232	6
10233	6
10234	6
10235	6
10236	6
10237	6
10238	6
10239	6
10240	6
10241	6
10242	6
10243	6
10244	6
10245	6
10246	6
10247	6
10248	6
10249	6
10250	6
10251	6
10252	6
10253	6
10254	6
10255	6
10256	6
10257	6
10258	6
10259	6
10260	6
10261	6
10262	6
10263	6
10264	6
10265	6
10266	6
10267	6
10268	6
10269	6
10270	6
10271	6
10272	6
10273	6
10274	6
10275	6
10276	6
10277	6
10278	6
10279	6
10280	6
10281	6
10282	6
10283	6
10284	6
10285	6
10286	6
10287	6
10288	6
10289	6
10290	6
10291	6
10292	6
10293	6
10294	6
10295	6
10296	6
10297	6
10298	6
10299	6
10300	6
10301	6
10302	6
10303	6
10304	6
10305	6
10306	6
10307	6
10308	6
10309	6
10310	6
10311	6
10312	6
10313	6
10314	6
10315	6
10316	6
10317	6
10318	6
10319	6
10320	6
10321	6
10322	6
10323	6
10324	6
10325	6
10326	6
10327	6
10328	6
10329	6
10330	6
10331	6
10332	6
10333	6
10334	6
10335	6
10336	6
10337	6
10338	6
10339	6
10340	6
10341	6
10342	6
10343	6
10344	6
10345	6
10346	6
10347	6
10348	6
10349	6
10350	6
10351	6
10352	6
10353	6
10354	6
10355	6
10356	6
10357	6
10358	6
10359	6
10360	6
10361	6
10362	6
10363	6
10364	6
10365	6
10366	6
10367	6
10368	6
10369	6
10370	6
10371	6
10372	6
10373	6
10374	6
10375	6
10376	6
10377	6
10378	6
10379	6
10380	6
10381	6
10382	6
10383	6
10384	6
10385	6
10386	6
10387	6
10388	6
10389	6
10390	6
10391	6
10392	6
10393	6
10394	6
10395	6
10396	6
10397	6
10398	6
10399	6
10400	6
10401	6
10402	6
10403	6
10404	6
10405	6
10406	6
10407	6
10408	6
10409	6
10410	6
10411	6
10412	6
10413	6
10414	6
10415	6
10416	6
10417	6
10418	6
10419	6
10420	6
10421	6
10422	6
10423	6
10424	6
10425	6
10426	6
10427	6
10428	6
10429	6
10430	6
10431	6
10432	6
10433	6
10434	6
10435	6
10436	6
10437	6
10438	6
10439	6
10440	6
10441	6
10442	6
10443	6
10444	6
10445	6
10446	6
10447	6
10448	6
10449	6
10450	6
10451	6
10452	6
10453	6
10454	6
10455	6
10456	6
10457	6
10458	6
10459	6
10460	6
10461	6
10462	6
10463	6
10464	6
10465	6
10466	6
10467	6
10468	6
10469	6
10470	6
10471	6
10472	6
10473	6
10474	6
10475	6
10476	6
10477	6
10478	6
10479	6
10480	6
10481	6
10482	6
10483	6
10484	4
10555	4
10722	4
10866	8
10867	8
10868	8
10869	8
10870	8
10871	8
10872	8
10873	8
10874	8
10875	8
10876	8
10877	8
10878	8
10879	8
10880	8
10881	8
10882	8
10883	8
10884	8
10885	8
10886	8
10887	8
10888	8
10889	8
10890	8
10891	8
10892	8
10893	8
10894	8
10895	8
10896	8
10897	8
10898	8
10899	8
10900	8
10901	8
10914	9
10915	9
10916	9
10917	9
10918	9
10919	9
10920	9
10921	9
10922	9
10923	9
10924	9
10925	9
10926	3
10927	3
10928	3
10929	3
10930	3
10931	3
10932	3
10933	3
10934	3
10935	3
10936	3
10937	3
10938	3
10939	3
10940	3
10941	3
10942	3
10943	3
10944	3
10945	3
10946	3
10947	3
10948	3
10949	3
10950	3
10951	3
10952	3
10953	3
10954	3
10955	3
10956	3
10957	3
10958	6
10959	6
10960	6
10961	6
10962	6
10963	6
10964	6
10965	6
10966	6
10967	6
10968	6
10969	6
10970	6
10976	8
10977	8
10978	8
10979	8
10980	8
10981	8
10982	8
10983	8
10984	8
10985	8
10986	8
10987	8
11099	6
11100	6
11101	6
11102	6
11103	6
11104	6
11105	6
11106	6
11107	6
11108	6
11109	6
11110	6
11111	6
11112	6
11113	6
11114	6
11115	6
11116	6
11117	6
11118	6
11119	6
11120	6
11121	6
11122	6
11123	6
11124	6
11125	6
11126	6
11309	9
11310	9
11311	9
11312	9
11313	9
11314	9
11315	9
11316	9
11317	9
11318	9
11319	9
11320	9
11321	9
11322	9
11323	9
11324	9
11325	9
11326	9
11327	9
11328	9
11329	9
11330	9
11331	9
11332	9
11333	9
11334	9
11335	9
11336	9
11337	9
11338	9
11339	9
11340	9
11341	9
11342	9
11343	9
11344	9
11345	9
11346	9
11347	9
11348	9
11349	9
11350	9
11351	9
11352	9
11353	9
11354	9
11355	9
11356	9
11357	9
11358	9
11359	9
11360	9
11361	9
11362	9
11363	9
11364	9
11428	1
11429	1
11430	1
11431	1
11432	1
11433	1
11434	1
11435	1
11436	1
11437	1
11438	1
11439	1
11440	1
11441	1
11442	1
11443	1
11444	1
11445	1
11446	1
11447	1
11448	1
11449	1
11450	1
11451	1
11452	1
11453	1
11454	1
11455	1
11456	1
11457	1
11458	1
11459	1
11460	1
11461	1
11462	1
11463	1
11464	1
11465	1
11466	1
11467	1
11468	1
11469	1
11470	1
11471	1
11472	1
11473	1
11474	1
11475	1
11476	1
11477	1
11478	1
11479	1
11480	1
11481	1
11482	1
11483	1
11486	1
11488	1
11493	1
11494	1
11495	1
11496	1
11497	1
11498	1
11499	1
11500	1
11501	1
11502	1
11503	1
11504	1
11505	1
11506	1
11507	1
11508	1
11509	1
11510	1
11511	1
11512	1
11513	1
11514	1
11515	1
11516	1
11517	1
11518	1
11537	4
11571	8
11572	8
11573	8
11574	8
11575	8
11576	8
11577	8
11578	8
11579	8
11580	8
11581	8
11582	8
11583	8
11584	8
11585	8
11586	8
11587	8
11590	8
11591	8
11592	8
11593	8
11594	8
11595	8
11596	8
11597	8
11598	8
11599	8
11600	8
11601	8
11602	8
11603	8
11604	8
11605	8
11606	8
11607	8
11608	8
11609	8
11610	8
11611	8
11612	8
11613	8
11614	8
11615	8
11616	8
11617	8
11618	8
11619	8
11620	8
11621	8
11622	8
11623	8
11624	8
11625	8
11626	8
11627	8
11628	8
11629	8
11630	8
11631	8
11632	8
11633	8
11634	8
11635	8
11636	8
11637	8
11638	8
11639	8
11640	8
11641	8
11642	8
11643	8
11644	8
11645	8
11646	8
11647	8
11648	8
11649	8
11650	8
11651	8
11652	8
11653	8
11654	8
11655	8
11658	8
11659	8
11662	8
11663	8
11664	8
11665	8
11666	8
11667	8
11668	8
11669	8
11670	8
11671	8
11672	8
11673	8
11674	8
11734	8
11742	4
11743	4
11918	6
11919	6
11920	6
11921	6
11922	6
11923	6
11924	6
11997	3
11998	3
12006	4
12072	9
12073	9
12074	9
12075	9
12076	9
12077	9
12078	9
12079	9
12080	9
12081	9
12082	9
12083	9
12084	9
12085	9
12086	9
12087	9
12088	9
12089	9
12090	9
12091	9
12092	9
12093	9
12094	9
12095	9
12096	9
12097	9
12098	9
12099	9
12100	9
12101	9
12102	9
12103	9
12104	9
12105	9
12106	9
12107	9
12108	9
12109	9
12110	9
12111	9
12112	9
12113	9
12114	9
12115	9
12116	9
12117	9
12118	9
12119	9
12120	9
12121	9
12122	9
12123	9
12124	9
12125	9
12126	9
12127	9
12128	9
12129	9
12130	9
12131	9
12132	9
12133	9
12134	9
12135	9
12136	9
12137	9
12138	9
12139	9
12140	9
12141	9
12142	9
12143	9
12144	9
12145	9
12146	9
12147	9
12148	9
12149	9
12150	9
12151	9
12152	9
12153	9
12154	9
12155	9
12156	9
12157	9
12158	9
12159	9
12160	9
12161	9
12162	9
12163	9
12164	9
12165	9
12166	9
12167	9
12168	9
12169	9
12170	9
12171	9
12172	9
12173	9
12174	9
12175	9
12176	9
12177	9
12178	9
12179	9
12180	9
12181	9
12182	9
12183	9
12184	9
12185	9
12186	9
12187	9
12188	9
12189	9
12190	9
12191	9
12192	9
12193	9
12194	9
12195	9
12196	9
12197	9
12198	9
12199	9
12200	9
12201	9
12202	9
12203	9
12204	9
12205	9
12206	9
12207	9
12208	9
12209	9
12210	9
12211	9
12212	9
12213	9
12214	9
12215	9
12216	9
12217	9
12218	9
12219	9
12220	9
12221	9
12222	9
12223	9
12224	9
12225	9
12226	9
12227	9
12228	9
12229	9
12230	9
12231	9
12232	9
12233	9
12234	9
12235	9
12236	9
12237	9
12238	9
12239	9
12240	9
12241	9
12242	9
12243	9
12244	9
12245	9
12246	9
12247	9
12248	9
12249	9
12250	9
12251	9
12252	9
12253	9
12254	9
12255	9
12256	9
12257	9
12258	9
12259	9
12260	9
12261	9
12262	9
12263	9
12264	9
12265	9
12266	9
12267	9
12268	9
12269	9
12270	9
12271	9
12272	9
12273	9
12274	9
12275	9
12276	9
12277	9
12278	9
12279	9
12280	9
12281	9
12282	9
12283	9
12284	9
12285	9
12286	9
12287	9
12288	9
12289	9
12290	9
12291	9
12292	9
12293	9
12294	9
12295	9
12296	9
12297	9
12298	9
12299	9
12300	9
12301	9
12302	9
12303	9
12304	9
12305	9
12306	9
12307	9
12308	9
12309	9
12310	9
12311	9
12312	9
12313	9
12314	9
12315	9
12316	9
12317	9
12318	9
12319	9
12320	9
12321	9
12322	9
12323	9
12324	9
12325	9
12326	9
12327	9
12328	9
12329	9
12330	9
12331	9
12332	9
12333	9
12334	9
12335	9
12336	9
12337	9
12338	9
12339	9
12340	9
12341	9
12342	9
12343	9
12344	9
12345	9
12346	9
12347	9
12348	9
12349	9
12350	9
12351	9
12352	9
12353	9
12354	9
12355	9
12356	9
12357	9
12358	9
12359	9
12360	9
12361	9
12362	9
12363	9
12364	9
12365	9
12366	9
12367	9
12368	9
12369	9
12370	9
12371	9
12372	9
12373	9
12374	9
12375	9
12376	9
12377	9
12378	9
12379	9
12380	9
12381	9
12382	9
12383	9
12384	9
12385	9
12386	9
12387	9
12388	9
12389	9
12390	9
12391	9
12392	9
12393	9
12394	9
12395	9
12396	9
12397	9
12398	9
12399	9
12400	9
12401	9
12402	9
12403	9
12404	9
12405	9
12406	9
12407	9
12408	9
12409	9
12410	9
12411	9
12412	9
12413	9
12414	9
12415	9
12416	9
12417	9
12418	9
12419	9
12420	9
12421	9
12422	9
12423	9
12424	9
12425	9
12426	9
12427	9
12428	9
12429	9
12430	9
12431	9
12432	9
12433	9
12434	9
12435	9
12436	9
12437	9
12438	9
12439	9
12440	9
12441	9
12442	9
12443	9
12444	9
12445	9
12446	9
12447	9
12448	9
12449	9
12450	9
12451	9
12452	9
12453	9
12454	9
12455	9
12456	9
12457	9
12458	9
12459	9
12460	9
12461	9
12462	9
12463	9
12464	9
12465	9
12466	9
12467	9
12468	9
12469	9
12470	9
12471	9
12472	9
12473	9
12474	9
12475	9
12476	9
12477	9
12478	9
12479	9
12480	9
12481	9
12482	9
12483	9
12484	9
12485	9
12486	9
12487	9
12488	9
12489	9
12490	9
12491	9
12492	9
12493	9
12494	9
12495	9
12496	9
12497	9
12498	9
12499	9
12500	9
12501	9
12502	9
12503	9
12504	9
12505	9
12506	9
12507	9
12508	9
12509	9
12510	9
12511	9
12512	9
12513	9
12514	9
12515	9
12516	9
12517	9
12518	9
12519	9
12520	9
12521	9
12522	9
12523	9
12524	9
12525	9
12526	9
12527	9
12528	9
12529	9
12530	9
12531	9
12532	9
12533	9
12534	9
12535	9
12536	9
12537	9
12538	9
12539	9
12540	9
12541	9
12542	9
12543	9
12544	9
12545	9
12546	9
12547	9
12548	9
12549	9
12550	9
12551	9
12552	9
12553	9
12554	9
12555	9
12556	9
12557	9
12558	9
12559	9
12560	9
12561	9
12562	9
12563	9
12564	9
12565	9
12566	9
12567	9
12568	9
12569	9
12570	9
12571	9
12572	9
12573	9
12574	9
12575	9
12576	9
12577	9
12578	9
12579	9
12580	9
12581	9
12582	9
12583	9
12584	9
12585	9
12586	9
12587	9
12588	9
12589	9
12590	9
12591	9
12592	9
12593	9
12594	9
12595	9
12596	9
12597	9
12598	9
12599	9
12600	9
12601	9
12602	9
12603	9
12604	9
12605	9
12606	9
12607	9
12608	9
12609	9
12610	9
12611	9
12612	9
12613	9
12614	9
12615	9
12616	9
12617	9
12618	9
12619	9
12620	9
12621	9
12622	9
12623	9
12624	9
12625	9
12626	9
12627	9
12628	9
12629	9
12630	9
12631	9
12632	9
12633	9
12634	9
12635	9
12636	9
12637	9
12638	9
12639	9
12640	9
12641	9
12642	9
12643	9
12644	9
12645	9
12646	9
12647	9
12648	9
12649	9
12650	9
12651	9
12652	9
12653	9
12654	9
12655	9
12656	9
12657	9
12658	9
12659	9
12660	9
12661	9
12662	9
12663	9
12664	9
12665	9
12666	9
12667	9
12668	9
12669	9
12670	9
12671	9
12672	9
12673	9
12674	9
12675	9
12676	9
12677	9
12678	9
12679	9
12680	9
12681	9
12682	9
12683	9
12684	9
12685	9
12686	9
12687	9
12688	9
12689	9
12690	9
12691	9
12692	9
12693	9
12694	9
12695	9
12696	9
12697	9
12698	9
12699	9
12700	9
12701	9
12702	9
12703	9
12704	9
12705	9
12706	9
12707	9
12708	9
12709	9
12710	9
12711	9
12712	9
12713	9
12714	9
12715	9
12716	9
12718	9
12719	9
12720	9
12721	9
12722	9
12723	9
12724	9
12725	9
12726	9
12727	9
12728	9
12729	9
12730	9
12731	9
12732	9
12733	9
12734	9
12735	9
12736	9
12737	9
12738	9
12739	9
12740	9
12741	9
12742	9
12743	9
12744	9
12745	9
12746	9
12747	9
12748	9
12749	9
12750	9
12751	9
12752	9
12753	9
12754	9
12755	9
12756	9
12757	9
12758	9
12759	9
12760	9
12761	9
12762	9
12763	9
12764	9
12765	9
12766	9
12767	9
12768	9
12769	9
12770	9
12771	9
12772	9
12773	9
12774	9
12775	9
12776	9
12777	9
12778	9
12779	9
12780	9
12781	9
12782	9
12783	9
12784	9
12785	9
12786	9
12788	9
12789	9
12790	9
12791	9
12792	9
12793	9
12794	9
12795	9
12796	9
12797	9
12798	9
12799	9
12800	9
12801	9
12802	9
12803	9
12804	9
12805	9
12806	9
12807	9
12808	9
12809	9
12810	9
12811	9
12812	9
12813	9
12814	9
12815	9
12816	9
12817	9
12818	9
12819	9
12820	9
12821	9
12822	9
12823	9
12824	9
12825	9
12826	9
12827	9
12828	9
12829	9
12830	9
12831	9
12832	9
12833	9
12834	9
12835	9
12836	9
12837	9
12838	9
12839	9
12840	9
12841	9
12842	9
12843	9
12844	9
12845	9
12846	9
12847	9
12848	9
12849	9
12850	9
12851	9
12852	9
12853	9
12854	9
12855	9
12856	9
12857	9
12858	9
12859	9
12860	9
12861	9
12862	9
12863	9
12864	9
12865	9
12866	9
12867	9
12868	9
12869	9
12870	9
12871	9
12872	9
12873	9
12874	9
12875	9
12876	9
12877	9
12878	9
12879	9
12880	9
12881	9
12882	9
12883	9
12884	9
12885	9
12886	9
12887	9
12888	9
12889	9
12890	9
12891	9
12892	9
12895	4
12896	4
12897	4
12898	4
12899	4
12900	4
12901	4
12902	4
12903	9
12904	4
12905	4
12906	4
12907	4
12908	4
12909	4
12910	4
12911	4
12912	4
12913	4
12914	9
12915	9
12916	9
12918	4
12919	4
12920	4
12921	4
12922	4
12923	4
12924	4
12925	4
12926	4
12927	4
12928	4
12929	4
12930	4
12931	1
12932	9
12933	1
12934	4
12935	1
12936	9
12937	4
12938	4
12939	4
12940	4
12941	9
12942	4
12943	4
12944	4
12945	4
12946	4
12947	4
12948	4
12949	4
12950	4
12951	4
12953	4
12954	4
12955	4
12956	4
12957	4
12958	4
12959	4
12960	4
12961	1
12962	9
12963	4
12964	4
12965	4
12966	4
12967	4
12968	9
12969	4
12970	4
12971	4
12972	9
12973	9
12974	4
12975	1
12976	4
12977	1
12978	9
12979	4
12980	4
12981	4
12982	4
12983	4
12984	4
12985	4
12986	4
12987	4
12988	4
12989	9
12990	4
12991	4
12992	4
12993	4
12994	4
12995	9
12996	9
12997	4
12998	4
12999	4
13000	4
13002	9
13003	4
13005	4
13006	4
13007	4
13008	4
13009	4
13010	4
13011	4
13012	4
13013	4
13014	1
13015	1
13016	4
13017	9
13018	9
13019	9
13020	1
13021	4
13022	4
13023	4
13024	4
13025	4
13026	4
13027	9
13028	4
13029	4
13030	4
13031	4
13032	4
13033	4
13034	4
13035	4
13036	4
13037	4
13038	4
13039	4
13040	9
13041	4
13042	4
13043	4
13044	4
13045	4
13046	4
13047	4
13048	4
13049	4
13050	4
13051	9
13052	4
13053	9
13054	4
13055	4
13056	4
13057	1
13058	9
13059	1
13060	9
13061	1
13062	9
13068	4
13069	4
13070	4
13071	4
13072	9
13074	4
13075	4
13076	4
13078	4
13079	4
13080	4
13081	4
13082	4
13084	4
13085	4
13086	4
13087	4
13088	4
13089	4
13090	4
13091	4
13092	4
13093	4
13094	1
13095	9
13096	4
13097	4
13098	4
13099	4
13100	4
13101	9
13102	4
13103	4
13104	4
13105	9
13106	9
13107	4
13108	1
13109	4
13110	1
13111	9
13112	4
13113	4
13114	4
13115	4
13116	4
13117	4
13118	4
13119	4
13120	4
13121	4
13122	9
13123	4
13124	4
13125	4
13126	4
13127	4
13128	9
13129	9
13130	4
13131	4
13132	4
13133	4
13134	9
13135	4
13136	4
13137	4
13138	4
13139	4
13140	4
13141	4
13142	4
13143	4
13144	4
13145	1
13146	1
13147	4
13148	9
13149	9
13150	9
13151	1
13152	4
13153	4
13154	4
13155	4
13156	4
13157	4
13158	9
13159	4
13160	4
13161	4
13162	4
13163	4
13164	4
13165	4
13166	4
13167	4
13168	4
13169	4
13170	4
13171	9
13172	4
13173	4
13174	4
13175	4
13176	4
13177	4
13178	4
13179	4
13180	4
13181	4
13182	9
13183	4
13184	9
13185	4
13186	4
13187	4
13188	1
13189	9
13190	1
13191	9
13192	1
13193	9
13194	4
13195	4
13196	4
13197	4
13198	4
13199	4
13200	4
13201	4
13202	9
13203	4
13204	4
13205	4
13206	4
13207	4
13208	4
13209	4
13210	4
13211	4
13212	4
13213	9
13214	9
13215	9
13216	4
13217	4
13218	4
13219	4
13220	4
13221	4
13222	4
13223	4
13224	4
13225	4
13226	4
13227	4
13228	4
13229	1
13230	9
13231	1
13232	4
13233	1
13234	9
13235	9
13316	8
13318	4
13319	4
13344	6
13345	1
13356	8
13357	8
13359	9
13361	8
13377	4
13380	5
13503	1
13504	1
13505	1
13506	1
13507	1
13508	1
13509	1
13510	1
13511	1
13512	1
13513	1
13514	1
13515	1
13516	1
13518	1
13521	1
13524	1
13525	1
13528	1
13531	1
13532	1
13533	1
13534	1
13535	1
13536	1
13537	1
13538	1
13539	1
13593	4
13597	4
13598	4
13599	4
13600	4
13601	4
13602	4
13603	4
13604	4
13605	4
13606	4
13607	4
13608	4
13609	4
13610	4
13611	4
13620	4
13621	4
13622	4
13623	4
13624	4
13701	6
13702	6
13703	6
13704	6
13705	6
13706	6
13707	6
13708	6
13709	6
13710	6
13711	6
13712	6
13713	6
13714	6
13715	6
13716	6
13717	6
13718	6
13719	6
13720	6
13721	6
13722	6
13723	6
13724	6
13725	6
13726	6
13727	6
13728	6
13771	8
13772	8
13773	8
13774	8
13787	8
13788	8
13789	8
13790	8
13791	8
13792	8
13793	8
13794	8
13795	8
13796	8
13797	8
13798	8
13837	6
13838	6
13839	6
13840	6
13841	6
13842	6
13843	6
13844	6
13845	6
13846	6
13847	6
13848	6
13849	6
13850	6
13851	6
13852	6
13853	6
13854	6
13855	6
13856	6
13857	6
13858	6
13859	6
13860	6
13861	6
13862	6
13863	6
13864	6
13865	6
13898	1
13899	1
13905	4
13943	4
13944	4
13945	4
13946	4
13947	4
13948	4
13949	4
13950	4
13951	4
13952	4
13953	4
13954	4
13955	4
13956	4
13957	4
13958	4
13959	4
13960	4
13961	4
13962	4
13963	4
13964	4
13965	4
13966	4
13967	4
13968	4
13969	4
13970	4
13971	4
13972	4
13973	4
13974	4
13975	4
13976	4
13977	4
13978	4
13979	4
13980	4
13981	4
13982	4
13983	4
13984	4
13985	4
13986	4
13987	4
13988	4
13989	4
13990	4
13991	4
14308	9
14309	9
14310	9
14311	9
14312	9
14313	9
14314	9
14315	9
14316	9
14317	9
14318	9
14319	9
14320	9
14321	9
14322	9
14323	9
14324	9
14325	9
14326	9
14327	9
14328	9
14329	9
14330	9
14331	9
14332	9
14333	9
14334	9
14335	9
14336	9
14337	9
14338	9
14339	9
14340	9
14341	9
14342	9
14343	9
14344	9
14345	9
14346	9
14347	9
14348	9
14349	9
14350	9
14351	9
14352	9
14353	9
14354	9
14355	9
14356	9
14357	9
14358	9
14359	9
14360	9
14361	9
14362	9
14363	9
14364	9
14365	9
14366	9
14367	9
14368	9
14369	9
14370	9
14371	9
14372	9
14373	9
14374	9
14375	6
14376	6
14377	6
14378	6
14379	6
14380	6
14381	6
14382	6
14383	6
14384	6
14385	6
14386	6
14387	6
14388	6
14389	6
14390	6
14391	6
14392	6
14393	6
14394	6
14395	6
14396	6
14397	6
14398	6
14399	6
14400	6
14401	6
14402	6
14403	6
14404	6
14405	6
14406	6
14407	6
14408	6
14409	6
14410	6
14411	6
14412	6
14413	6
14414	6
14415	6
14416	6
14417	6
14418	6
14419	6
14420	6
14421	6
14422	6
14423	6
14424	6
14425	6
14426	6
14427	6
14428	6
14429	6
14430	6
14431	6
14432	6
14433	9
14434	9
14435	1
14436	1
14437	1
14438	1
14449	9
14450	9
14451	9
14452	9
14453	9
14454	9
14455	9
14456	9
14457	9
14458	9
14459	9
14460	9
14461	9
14462	9
14463	9
14464	9
14465	9
14466	9
14467	9
14468	9
14469	9
14470	9
14471	9
14472	9
14473	9
14474	9
14475	9
14476	9
14477	9
14478	9
14479	9
14480	9
14481	9
14482	9
14483	9
14484	9
14485	9
14486	9
14487	9
14488	9
14489	9
14490	9
14491	9
14492	9
14493	9
14494	9
14495	9
14496	9
14497	9
14498	9
14499	9
14500	9
14501	9
14502	9
14503	9
14504	9
14505	9
14506	9
14507	9
14508	9
14509	9
14510	9
14511	9
14512	9
14513	9
14514	9
14515	9
14516	6
14517	6
14518	6
14519	6
14520	6
14521	6
14522	6
14523	6
14524	6
14525	6
14526	6
14527	6
14528	6
14529	6
14530	6
14531	6
14532	6
14533	6
14534	6
14535	6
14536	6
14537	6
14538	6
14539	6
14540	6
14541	6
14542	6
14543	6
14544	6
14545	6
14546	6
14547	6
14548	6
14549	6
14550	6
14551	6
14552	6
14553	6
14554	6
14555	6
14556	6
14557	6
14558	6
14559	6
14560	6
14561	6
14562	6
14563	6
14564	6
14565	6
14566	6
14567	6
14568	6
14569	6
14570	6
14571	6
14572	6
14573	6
14574	9
14575	9
14576	1
14577	1
14578	1
14579	1
14590	9
14591	9
14592	9
14593	9
14594	9
14595	9
14596	9
14597	9
14598	9
14599	9
14600	9
14601	9
14602	9
14603	9
14604	9
14605	9
14606	9
14607	9
14608	9
14609	9
14610	9
14611	9
14612	9
14613	9
14614	9
14615	9
14616	9
14617	9
14618	9
14619	6
14620	6
14621	6
14622	6
14623	6
14624	6
14625	6
14626	6
14627	6
14628	6
14629	6
14630	6
14631	6
14632	6
14633	6
14634	6
14635	6
14636	6
14637	6
14638	6
14639	6
14640	6
14641	6
14642	6
14643	6
14644	6
14645	6
14646	6
14647	6
14648	6
14649	6
14650	6
14651	6
14652	6
14653	6
14654	6
14655	6
14656	6
14657	6
14658	6
14659	9
14660	9
14661	1
14662	1
14663	1
14664	1
14667	6
14668	6
14669	6
14681	9
14682	9
14683	9
14684	9
14685	9
14686	9
14687	9
14688	9
14689	9
14690	9
14691	9
14692	9
14693	9
14694	9
14695	9
14696	9
14697	9
14698	9
14699	9
14700	9
14701	9
14702	9
14703	9
14704	9
14705	9
14706	9
14707	9
14708	9
14709	9
14710	9
14711	9
14712	9
14713	9
14714	9
14715	9
14716	9
14717	9
14718	9
14719	9
14720	9
14721	9
14722	9
14723	9
14724	9
14725	9
14726	9
14727	9
14728	9
14729	9
14730	9
14731	9
14732	9
14733	9
14734	9
14735	9
14736	9
14737	9
14738	9
14739	9
14740	9
14741	9
14742	9
14743	9
14744	9
14745	9
14746	9
14747	9
14748	6
14749	6
14750	6
14751	6
14752	6
14753	6
14754	6
14755	6
14756	6
14757	6
14758	6
14759	6
14760	6
14761	6
14762	6
14763	6
14764	6
14765	6
14766	6
14767	6
14768	6
14769	6
14770	6
14771	6
14772	6
14773	6
14774	6
14775	6
14776	6
14777	6
14778	6
14779	6
14780	6
14781	6
14782	6
14783	6
14784	6
14785	6
14786	6
14787	6
14788	6
14789	6
14790	6
14791	6
14792	6
14793	6
14794	6
14795	6
14796	6
14797	6
14798	6
14799	6
14800	6
14801	6
14802	6
14803	6
14804	6
14805	6
14806	9
14807	9
14808	1
14809	1
14810	1
14811	1
14822	9
14823	9
14824	9
14825	9
14826	9
14827	9
14828	9
14829	9
14830	9
14831	9
14832	9
14833	9
14834	9
14835	9
14836	9
14837	9
14838	9
14839	9
14840	9
14841	9
14842	9
14843	9
14844	9
14845	9
14846	9
14847	9
14848	9
14849	9
14850	9
14851	9
14852	9
14853	9
14854	9
14855	9
14856	9
14857	9
14858	9
14859	9
14860	9
14861	9
14862	9
14863	9
14864	9
14865	9
14866	9
14867	9
14868	9
14869	9
14870	9
14871	9
14872	9
14873	9
14874	9
14875	9
14876	9
14877	9
14878	9
14879	9
14880	9
14881	9
14882	9
14883	9
14884	9
14885	9
14886	9
14887	9
14888	9
14889	6
14890	6
14891	6
14892	6
14893	6
14894	6
14895	6
14896	6
14897	6
14898	6
14899	6
14900	6
14901	6
14902	6
14903	6
14904	6
14905	6
14906	6
14907	6
14908	6
14909	6
14910	6
14911	6
14912	6
14913	6
14914	6
14915	6
14916	6
14917	6
14918	6
14919	6
14920	6
14921	6
14922	6
14923	6
14924	6
14925	6
14926	6
14927	6
14928	6
14929	6
14930	6
14931	6
14932	6
14933	6
14934	6
14935	6
14936	6
14937	6
14938	6
14939	6
14940	6
14941	6
14942	6
14943	6
14944	6
14945	6
14946	6
14947	9
14948	9
14949	1
14950	1
14951	1
14952	1
14963	9
14964	9
14965	9
14966	9
14967	9
14968	9
14969	9
14970	9
14971	9
14972	9
14973	9
14974	9
14975	9
14976	9
14977	9
14978	9
14979	9
14980	9
14981	9
14982	9
14983	9
14984	9
14985	9
14986	9
14987	9
14988	9
14989	9
14990	9
14991	9
14992	9
14993	9
14994	9
14995	9
14996	9
14997	9
14998	9
14999	9
15000	9
15001	9
15002	9
15003	9
15004	9
15005	9
15006	9
15007	9
15008	9
15009	9
15010	9
15011	9
15012	9
15013	9
15014	9
15015	9
15016	9
15017	9
15018	9
15019	9
15020	9
15021	9
15022	9
15023	9
15024	9
15025	9
15026	9
15027	9
15028	9
15029	9
15030	6
15031	6
15032	6
15033	6
15034	6
15035	6
15036	6
15037	6
15038	6
15039	6
15040	6
15041	6
15042	6
15043	6
15044	6
15045	6
15046	6
15047	6
15048	6
15049	6
15050	6
15051	6
15052	6
15053	6
15054	6
15055	6
15056	6
15057	6
15058	6
15059	6
15060	6
15061	6
15062	6
15063	6
15064	6
15065	6
15066	6
15067	6
15068	6
15069	6
15070	6
15071	6
15072	6
15073	6
15074	6
15075	6
15076	6
15077	6
15078	6
15079	6
15080	6
15081	6
15082	6
15083	6
15084	6
15085	6
15086	6
15087	6
15088	9
15089	9
15090	1
15091	1
15092	1
15093	1
15104	9
15105	9
15106	9
15107	9
15108	9
15109	9
15110	9
15111	9
15112	9
15113	9
15114	9
15115	9
15116	9
15117	9
15118	9
15119	9
15120	9
15121	9
15122	9
15123	9
15124	9
15125	9
15126	9
15127	9
15128	9
15129	9
15130	9
15131	9
15132	9
15133	9
15134	9
15135	9
15136	9
15137	9
15138	9
15139	9
15140	9
15141	9
15142	9
15143	9
15144	9
15145	9
15146	9
15147	9
15148	9
15149	9
15150	9
15151	9
15152	9
15153	9
15154	9
15155	9
15156	9
15157	9
15158	9
15159	9
15160	9
15161	9
15162	9
15163	9
15164	9
15165	9
15166	9
15167	9
15168	9
15169	9
15170	9
15171	6
15172	6
15173	6
15174	6
15175	6
15176	6
15177	6
15178	6
15179	6
15180	6
15181	6
15182	6
15183	6
15184	6
15185	6
15186	6
15187	6
15188	6
15189	6
15190	6
15191	6
15192	6
15193	6
15194	6
15195	6
15196	6
15197	6
15198	6
15199	6
15200	6
15201	6
15202	6
15203	6
15204	6
15205	6
15206	6
15207	6
15208	6
15209	6
15210	6
15211	6
15212	6
15213	6
15214	6
15215	6
15216	6
15217	6
15218	6
15219	6
15220	6
15221	6
15222	6
15223	6
15224	6
15225	6
15226	6
15227	6
15228	6
15229	9
15230	9
15231	1
15232	1
15233	1
15234	1
15259	6
15260	6
15261	6
15262	6
15263	6
15264	6
15265	6
15266	6
15267	6
15268	6
15269	6
15270	6
15271	6
15272	6
15273	6
15274	6
15275	6
15276	6
15277	6
15278	6
15279	6
15280	6
15281	6
15282	6
15283	6
15284	6
15285	6
15286	6
15287	6
15288	6
15289	6
15290	6
15291	6
15292	6
15293	6
15294	6
15295	6
15296	6
15297	6
15298	6
15299	6
15300	6
15301	6
15302	6
15303	6
15304	6
15305	6
15306	6
15307	6
15308	6
15309	6
15310	6
15311	6
15312	6
15313	6
15314	6
15325	6
15326	6
15327	6
15328	6
15329	6
15330	6
15331	6
15332	6
15333	6
15334	6
15335	6
15336	6
15337	6
15338	6
15339	6
15340	6
15341	6
15342	6
15343	6
15344	6
15345	6
15346	6
15347	6
15348	6
15349	6
15350	6
15351	6
15352	6
15353	6
15354	6
15355	6
15356	6
15357	6
15358	6
15359	6
15360	6
15361	6
15362	6
15363	6
15364	6
15365	6
15366	6
15367	6
15368	6
15369	6
15370	6
15371	6
15372	6
15373	6
15374	6
15375	6
15376	6
15377	6
15378	6
15379	6
15380	6
15391	6
15392	6
15393	6
15394	6
15395	6
15396	6
15397	6
15398	6
15399	6
15400	6
15401	6
15402	6
15403	6
15404	6
15405	6
15406	6
15407	6
15408	6
15409	6
15410	6
15411	6
15412	6
15413	6
15414	6
15415	6
15416	6
15417	6
15418	6
15419	6
15420	6
15421	6
15422	6
15423	6
15424	6
15425	6
15426	6
15427	6
15428	6
15429	6
15430	6
15431	6
15432	6
15433	6
15434	6
15435	6
15436	6
15437	6
15438	6
15439	6
15440	6
15441	6
15442	6
15443	6
15444	6
15445	6
15446	6
15457	6
15458	6
15459	6
15460	6
15461	6
15462	6
15463	6
15464	6
15465	6
15466	6
15467	6
15468	6
15469	6
15470	6
15471	6
15472	6
15473	6
15474	6
15475	6
15476	6
15477	6
15478	6
15479	6
15480	6
15481	6
15482	6
15483	6
15484	6
15485	6
15486	6
15487	6
15488	6
15489	6
15490	6
15491	6
15492	6
15493	6
15494	6
15495	6
15496	6
15497	6
15498	6
15499	6
15500	6
15501	6
15502	6
15503	6
15504	6
15505	6
15506	6
15507	6
15508	6
15509	6
15510	6
15511	6
15512	6
15523	6
15524	6
15525	6
15526	6
15527	6
15528	6
15529	6
15530	6
15531	6
15532	6
15533	6
15534	6
15535	6
15536	6
15537	6
15538	6
15539	6
15540	6
15541	6
15542	6
15543	6
15544	6
15545	6
15546	6
15547	6
15548	6
15549	6
15550	6
15551	6
15552	6
15553	6
15554	6
15555	6
15556	6
15557	6
15558	6
15559	6
15560	6
15561	6
15562	6
15563	6
15564	6
15565	6
15566	6
15567	6
15568	6
15569	6
15570	6
15571	6
15572	6
15573	6
15574	6
15575	6
15576	6
15577	6
15578	6
15589	6
15590	6
15591	6
15592	6
15593	6
15594	6
15595	6
15596	6
15597	6
15598	6
15599	6
15600	6
15601	6
15602	6
15603	6
15604	6
15605	6
15606	6
15607	6
15608	6
15609	6
15610	6
15611	6
15612	6
15613	6
15614	6
15615	6
15616	6
15617	6
15618	6
15619	6
15620	6
15621	6
15622	6
15623	6
15624	6
15625	6
15626	6
15627	6
15628	6
15629	6
15630	6
15631	6
15632	6
15633	6
15634	6
15635	6
15636	6
15637	6
15638	6
15639	6
15640	6
15641	6
15642	6
15643	6
15644	6
15677	4
15733	6
15734	6
15735	6
15736	6
15737	6
15738	6
15739	6
15740	6
15741	6
15742	6
15743	6
15744	6
15745	6
15746	6
15747	6
15748	6
15749	6
15750	6
15751	6
15752	6
15753	6
15754	6
15755	6
15756	6
15757	6
15758	6
15759	6
15760	6
15761	6
15762	6
15763	6
15764	6
15765	6
15766	6
15767	6
15768	6
15769	6
15770	6
15771	6
15772	6
15773	6
15774	6
15783	6
15784	6
15785	6
15786	6
15866	4
15867	8
15868	8
15869	8
15870	8
16453	4
16550	4
16571	4
16572	4
16573	4
16574	4
16575	4
16576	4
16577	4
16578	4
16579	4
16580	4
16581	4
16582	4
16583	4
16584	4
16585	4
16586	4
16587	4
16588	4
16589	4
16590	4
16591	4
16592	4
16593	4
16594	4
16595	4
16596	4
16597	4
16598	4
16599	4
16600	4
16601	4
16602	4
16603	4
16604	4
16605	4
16606	4
16607	4
16608	4
16609	4
16610	4
16611	4
16612	4
16613	4
16614	4
16615	4
16616	4
16617	4
16618	4
16619	4
16620	4
16621	4
16622	4
16623	4
16624	4
16625	4
16626	4
16627	4
16628	4
16629	4
16630	4
16631	4
16632	4
16633	4
16634	4
16635	4
16636	4
16637	4
16638	4
16639	4
16640	4
16641	4
16642	4
16643	4
16644	4
16645	4
16646	4
16647	4
16648	4
16649	4
16650	4
16651	4
16652	4
16653	4
16654	4
16655	4
16656	4
16657	4
16658	4
16659	4
16660	4
16661	4
16662	4
16663	4
16664	4
16665	4
16666	4
16667	4
16668	4
16669	4
16670	4
16671	4
16672	4
16673	4
16674	4
16675	4
16676	4
16677	4
16678	4
16679	4
16680	4
16681	4
16682	4
16683	4
16684	4
16685	4
16686	4
16687	4
16688	4
16689	4
16690	4
16691	4
16692	4
16693	4
16694	4
16695	4
16696	4
16697	4
16698	4
16699	4
16700	4
16701	4
16702	4
16703	4
16704	4
16705	4
16706	4
16707	4
16708	4
16709	4
16710	4
16711	4
16712	4
16713	4
16714	4
16715	4
16716	4
16717	4
16718	4
16719	4
16720	4
16721	4
16722	4
16723	4
16724	4
16725	4
16726	4
16727	4
16728	4
16729	4
16730	4
16731	4
16732	4
16733	4
16734	4
16735	4
16736	4
16737	4
16738	4
16739	4
16740	4
16741	4
16742	4
16743	4
16744	4
16745	4
16746	4
16747	4
16748	4
16749	4
16750	4
16751	4
16752	4
16753	4
16754	4
16755	4
16756	4
16757	4
16758	4
16759	4
16760	4
16761	4
16762	4
16763	4
16764	4
16765	4
16766	4
16767	4
16768	4
16769	4
16770	4
16771	4
16772	4
16773	4
16774	4
16775	4
16776	4
16777	4
16778	4
16779	4
16780	4
16781	4
16782	4
16783	4
16784	4
16785	4
16786	4
16787	4
16788	4
16789	4
16790	4
16791	4
16792	4
16793	4
16794	4
16795	4
16796	4
16797	4
16798	4
16799	4
16800	4
16801	4
16802	4
16803	4
16804	4
16805	4
16806	4
16807	4
16808	4
16809	4
16810	4
16812	9
16815	1
16822	9
16823	1
16829	9
16830	1
16837	9
16840	1
16843	9
16845	1
16849	9
16850	1
16851	9
16852	1
16858	9
16859	1
16863	9
16866	1
16870	9
16873	1
16881	9
16883	1
16884	9
16889	1
16890	1
16892	9
16894	9
16895	1
16898	9
16902	1
16906	9
16909	1
16913	9
16916	1
16923	9
16926	1
16931	9
16932	1
16934	9
16936	1
16938	1
16940	9
16941	1
16943	9
16951	9
16952	1
16958	9
16959	1
16968	9
16969	1
16971	9
16973	1
16978	9
16979	1
16981	1
16983	9
16984	1
16985	9
16994	9
16995	1
16999	1
17000	9
17011	1
17016	9
17017	1
17021	1
17023	9
17025	1
17026	9
17030	9
17031	1
17035	9
17041	9
17042	1
17047	9
17049	1
17057	1
17059	9
17064	9
17065	1
17068	9
17069	1
17072	9
17073	1
17078	9
17079	9
17080	9
17081	9
17082	9
17083	9
17084	9
17085	9
17086	9
17087	9
17088	9
17089	9
17090	9
17091	9
17092	9
17093	9
17094	9
17095	9
17096	9
17097	9
17098	9
17099	9
17100	9
17101	9
17102	9
17103	9
17104	9
17105	9
17106	9
17107	9
17108	9
17109	9
17110	9
17111	9
17112	9
17113	9
17114	9
17115	9
17116	9
17117	9
17118	9
17119	9
17120	9
17121	9
17122	9
17123	9
17124	9
17125	9
17126	9
17127	9
17128	9
17129	9
17130	9
17131	9
17132	9
17133	9
17134	9
17135	9
17136	9
17137	9
17138	9
17139	9
17140	9
17141	9
17142	9
17143	9
17144	9
17145	9
17146	9
17147	9
17148	9
17149	9
17150	9
17151	9
17152	9
17153	9
17154	9
17155	9
17156	9
17157	9
17158	9
17159	9
17160	9
17161	9
17162	9
17163	9
17164	9
17165	9
17166	9
17167	9
17168	9
17169	9
17170	9
17171	9
17172	9
17173	9
17174	9
17175	9
17176	9
17177	9
17178	9
17179	9
17180	9
17181	9
17182	9
17183	9
17184	9
17185	9
17186	9
17187	9
17188	9
17189	9
17190	9
17191	9
17192	9
17193	9
17194	9
17195	9
17196	9
17197	9
17198	9
17199	9
17200	9
17201	9
17202	9
17203	9
17204	9
17205	9
17206	9
17207	9
17208	9
17209	9
17210	9
17211	9
17212	9
17213	9
17214	9
17215	9
17216	9
17217	9
17218	9
17219	9
17220	9
17221	9
17222	9
17223	9
17224	9
17225	9
17226	9
17227	9
17228	9
17229	9
17230	9
17231	9
17232	9
17233	9
17234	9
17235	9
17236	9
17237	9
17238	9
17239	9
17240	9
17241	9
17242	9
17243	9
17244	9
17245	9
17246	9
17247	9
17248	9
17249	9
17250	9
17251	9
17252	9
17253	9
17254	9
17255	9
17256	9
17257	9
17258	9
17259	9
17260	9
17261	9
17262	9
17263	9
17264	9
17265	9
17266	9
17267	9
17268	9
17269	9
17270	9
17271	9
17272	9
17273	9
17274	9
17275	9
17276	9
17277	9
17278	9
17279	9
17280	9
17281	9
17282	9
17283	9
17284	9
17285	9
17286	9
17287	9
17288	9
17289	9
17290	9
17291	9
17292	9
17293	9
17294	9
17295	9
17296	9
17297	9
17298	9
17299	9
17300	9
17301	9
17302	9
17303	9
17304	9
17305	9
17306	9
17307	9
17308	9
17309	9
17310	9
17311	9
17312	9
17313	9
17314	9
17315	9
17316	9
17317	9
17318	1
17319	1
17320	1
17321	1
17322	1
17323	1
17324	1
17325	1
17326	1
17327	1
17328	1
17329	1
17330	1
17331	1
17332	1
17333	1
17334	1
17335	1
17336	1
17337	1
17338	1
17339	1
17340	1
17341	1
17342	1
17343	1
17344	1
17345	1
17346	1
17347	1
17348	1
17349	1
17350	1
17351	1
17352	1
17353	1
17354	1
17355	1
17356	1
17357	1
17358	1
17359	1
17360	1
17361	1
17362	1
17363	1
17364	1
17365	1
17366	1
17367	1
17368	1
17369	1
17370	1
17371	1
17372	1
17373	1
17374	1
17375	1
17376	1
17377	1
17378	1
17379	1
17380	1
17381	1
17382	1
17383	1
17384	1
17385	1
17386	1
17387	1
17388	1
17389	1
17390	1
17391	1
17392	1
17393	1
17394	1
17395	1
17396	1
17397	1
17398	1
17399	1
17400	1
17401	1
17402	1
17403	1
17404	1
17405	1
17406	1
17407	1
17408	1
17409	1
17410	1
17411	1
17412	1
17413	1
17414	1
17415	1
17416	1
17417	1
17418	1
17419	1
17420	1
17421	1
17422	1
17423	1
17424	1
17425	1
17426	1
17427	1
17428	1
17429	1
17430	1
17431	1
17432	1
17433	1
17434	1
17435	1
17436	1
17437	1
17438	1
17439	1
17440	1
17441	1
17442	1
17443	1
17444	1
17445	1
17446	1
17447	1
17448	1
17449	1
17450	1
17451	1
17452	1
17453	1
17454	1
17455	1
17456	1
17457	1
17458	1
17459	1
17460	1
17461	1
17462	1
17463	1
17464	1
17465	1
17466	1
17467	1
17468	1
17469	1
17470	1
17471	1
17472	1
17473	1
17474	1
17475	1
17476	1
17477	1
17478	1
17479	1
17480	1
17481	1
17482	1
17483	1
17484	1
17485	1
17486	1
17487	1
17488	1
17489	1
17490	1
17491	1
17492	1
17493	1
17494	1
17495	1
17496	1
17497	1
17498	1
17499	1
17500	1
17501	1
17502	1
17503	1
17504	1
17505	1
17506	1
17507	1
17508	1
17509	1
17510	1
17511	1
17512	1
17513	1
17514	1
17515	1
17516	1
17517	1
17518	1
17519	1
17520	1
17521	1
17522	1
17523	1
17524	1
17525	1
17526	1
17527	1
17528	1
17529	1
17530	1
17531	1
17532	1
17533	1
17534	1
17535	1
17536	1
17537	1
17538	1
17539	1
17540	1
17541	1
17542	1
17543	1
17544	1
17545	1
17546	1
17547	1
17548	1
17549	1
17550	1
17551	1
17552	1
17553	1
17554	1
17555	1
17556	1
17557	1
17559	0
17560	0
17561	0
17562	0
17563	0
17564	0
17565	0
17566	0
17567	0
17568	0
17569	0
17570	0
17571	0
17572	0
17573	0
17574	0
17575	0
17576	0
17577	0
17578	0
17579	0
17580	0
17581	0
17582	0
17583	8
17584	8
17585	8
17586	8
17596	8
17597	8
17598	8
17599	8
17600	8
17601	8
17602	8
17603	8
17605	4
17607	4
17608	4
17609	4
17610	4
17611	4
17612	4
17613	4
17614	4
17615	4
17616	4
17617	4
17618	4
17619	4
17620	4
17621	4
17622	4
17623	4
17624	4
17625	4
17626	4
17627	4
17628	4
17629	4
17630	4
17631	4
17632	4
17633	4
17634	4
17635	4
17636	4
17637	4
17638	4
17639	4
17640	4
17641	4
17642	4
17643	4
17644	4
17645	4
17646	4
17647	4
17648	4
17649	4
17650	4
17651	4
17652	4
17653	4
17654	4
17655	4
17656	4
17657	4
17658	4
17659	4
17660	9
17661	9
17662	9
17663	9
17664	9
17665	9
17666	9
17667	9
17668	9
17669	9
17670	9
17671	9
17672	9
17673	9
17674	9
17675	9
17676	9
17677	9
17678	9
17679	9
17680	9
17681	9
17682	9
17683	9
17684	9
17685	9
17686	9
17687	9
17688	9
17689	9
17690	9
17691	9
17692	9
17693	9
17694	9
17695	9
17696	9
17697	9
17698	9
17699	9
17700	9
17701	9
17702	9
17703	9
17704	9
17705	9
17706	9
17707	9
17708	9
17709	9
17710	9
17711	9
17712	9
17713	9
17714	1
17715	1
17716	1
17717	1
17718	1
17719	1
17720	1
17721	1
17722	1
17723	1
17724	1
17725	1
17726	1
17727	1
17728	1
17729	1
17730	1
17731	1
17732	1
17733	1
17734	1
17735	1
17736	1
17737	1
17738	1
17739	1
17740	1
17741	1
17742	1
17743	1
17744	1
17745	1
17746	1
17747	1
17748	1
17749	1
17750	1
17751	1
17752	1
17753	1
17754	1
17755	1
17756	1
17757	1
17758	1
17759	1
17760	1
17761	1
17762	1
17763	1
17764	1
17765	1
17766	1
17767	1
17829	8
17830	8
17831	8
17833	9
17855	9
17856	9
17858	9
17859	9
17866	8
17867	8
17868	8
17869	8
17870	8
17871	8
17872	8
17873	8
17874	8
17875	8
17876	8
17877	8
17878	8
17879	8
17880	8
17881	8
17882	8
17883	8
17884	8
17885	8
17886	8
17887	8
17889	4
17890	4
17891	4
17892	4
17893	4
17894	4
17895	4
17896	4
17897	4
17898	4
17899	4
17900	4
17901	9
17902	9
17903	9
17904	9
17905	9
17906	9
17907	1
17908	1
17909	1
17910	1
17911	1
17912	1
17913	4
17914	4
17915	4
17916	4
17917	4
17918	4
17919	4
17920	4
17921	4
17922	4
17923	4
17924	4
17925	9
17926	9
17927	9
17928	9
17929	9
17930	9
17931	1
17932	1
17933	1
17934	1
17935	1
17936	1
17937	4
17938	4
17939	4
17940	4
17941	4
17942	4
17943	4
17944	4
17945	4
17946	4
17947	4
17948	4
17949	9
17950	9
17951	9
17952	9
17953	9
17954	9
17955	1
17956	1
17957	1
17958	1
17959	1
17960	1
17961	4
17962	4
17963	4
17964	4
17965	4
17966	4
17967	4
17968	4
17969	4
17970	4
17971	4
17972	4
17973	9
17974	9
17975	9
17976	9
17977	9
17978	9
17979	1
17980	1
17981	1
17982	1
17983	1
17984	1
17985	4
17986	4
17987	4
17988	4
17989	4
17990	4
17991	4
17992	4
17993	4
17994	4
17995	4
17996	4
17997	9
17998	9
17999	9
18000	9
18001	9
18002	9
18003	1
18004	1
18005	1
18006	1
18007	1
18008	1
18009	4
18010	4
18011	4
18012	4
18013	4
18014	4
18015	9
18016	9
18017	9
18018	9
18019	9
18020	9
18021	1
18022	1
18023	1
18024	1
18025	1
18026	1
18027	4
18028	4
18029	4
18030	4
18031	4
18032	4
18033	4
18034	4
18035	4
18036	4
18037	4
18038	4
18039	9
18040	9
18041	9
18042	9
18043	9
18044	9
18045	1
18046	1
18047	1
18048	1
18049	1
18050	1
18051	4
18052	4
18053	4
18054	4
18055	4
18056	4
18057	4
18058	4
18059	4
18060	4
18061	4
18062	4
18063	9
18064	9
18065	9
18066	9
18067	9
18068	9
18069	1
18070	1
18071	1
18072	1
18073	1
18074	1
18075	4
18076	4
18077	4
18078	4
18079	4
18080	4
18081	4
18082	4
18083	4
18084	4
18085	4
18086	4
18087	4
18088	4
18089	4
18090	4
18091	4
18092	4
18093	4
18094	4
18095	4
18096	4
18097	4
18098	4
18099	4
18100	4
18101	4
18102	4
18103	4
18104	4
18105	4
18106	4
18107	4
18108	4
18109	4
18110	4
18111	4
18112	4
18113	4
18114	4
18115	4
18116	4
18117	4
18118	4
18119	4
18120	4
18121	4
18122	4
18123	4
18124	4
18125	4
18126	4
18127	4
18128	4
18129	4
18130	4
18131	4
18132	4
18133	4
18134	4
18135	4
18136	4
18137	4
18138	4
18139	4
18140	4
18141	4
18142	4
18143	4
18144	4
18145	4
18146	4
18147	4
18148	4
18149	4
18150	4
18151	4
18152	4
18153	4
18154	4
18155	4
18156	4
18157	4
18158	4
18159	4
18160	4
18161	4
18162	4
18163	4
18164	4
18165	4
18166	4
18167	4
18168	4
18169	4
18170	4
18171	4
18172	4
18173	4
18174	4
18175	4
18176	4
18178	4
18179	4
18180	4
18181	4
18182	4
18183	4
18184	4
18185	4
18186	4
18187	4
18188	4
18189	4
18190	4
18191	4
18192	4
18193	4
18194	4
18195	4
18196	4
18197	4
18198	4
18199	4
18200	4
18201	4
18202	4
18203	4
18204	4
18205	4
18206	4
18207	4
18208	4
18209	4
18210	4
18211	4
18212	4
18213	4
18214	4
18216	4
18217	4
18218	4
18219	4
18220	4
18221	4
18222	4
18223	4
18224	4
18225	4
18226	4
18227	4
18228	4
18229	4
18230	4
18231	4
18232	4
18233	4
18234	4
18235	4
18236	4
18237	4
18238	4
18239	4
18240	4
18241	4
18242	4
18243	4
18244	4
18245	4
18246	4
18247	4
18248	4
18249	4
18250	4
18251	4
18252	4
18253	4
18254	4
18255	4
18256	4
18257	4
18258	4
18259	4
18260	4
18261	4
18262	4
18263	4
18264	4
18265	4
18266	4
18267	4
18268	4
18269	4
18270	4
18271	4
18272	4
18273	4
18274	4
18283	4
18286	4
18287	4
18288	4
18289	4
18290	4
18291	4
18292	9
18293	9
18294	9
18295	9
18296	9
18297	9
18298	1
18299	1
18300	1
18301	1
18302	1
18303	1
18341	3
18342	3
18343	3
18344	3
18345	3
18346	3
18347	3
18348	3
18349	3
18378	4
18379	4
18380	9
18381	9
18418	4
18419	9
18420	4
18421	4
18422	4
18423	4
18424	4
18425	4
18426	4
18428	9
18430	9
18432	4
18433	4
18434	4
18435	4
18436	4
18437	9
18438	9
18439	4
18440	4
18441	9
18442	1
18443	4
18444	9
18445	4
18446	4
18447	4
18448	4
18449	9
18450	4
18451	4
18452	1
18453	9
18454	4
18455	4
18456	1
18457	9
18458	9
18459	9
18460	9
18461	9
18462	9
18463	9
18464	9
18465	9
18466	9
18467	9
18468	9
18469	9
18470	9
18471	9
18472	9
18473	9
18474	9
18475	9
18476	9
18477	9
18478	9
18479	9
18480	9
18481	9
18482	9
18483	9
18484	9
18485	9
18486	9
18487	9
18488	9
18489	9
18490	9
18491	9
18492	9
18493	9
18494	9
18495	9
18496	9
18497	9
18498	9
18499	9
18500	9
18501	9
18502	9
18503	9
18504	9
18505	9
18506	9
18507	9
18508	9
18509	9
18510	9
18511	9
18512	9
18513	9
18514	9
18515	9
18516	9
18517	9
18518	9
18519	9
18520	9
18521	9
18522	9
18523	9
18524	9
18525	9
18526	9
18527	9
18528	9
18529	9
18530	9
18531	9
18532	9
18533	9
18534	9
18535	9
18536	9
18537	9
18538	9
18539	9
18540	9
18541	9
18542	9
18543	9
18544	9
18545	9
18546	9
18547	9
18548	9
18549	9
18550	9
18551	9
18552	9
18553	9
18554	9
18555	9
18556	9
18557	9
18558	9
18559	9
18560	9
18561	9
18562	9
18563	9
18564	9
18565	9
18566	9
18567	9
18568	9
18569	9
18570	9
18571	9
18572	9
18573	9
18574	9
18575	9
18576	9
18577	9
18578	9
18579	9
18580	9
18581	9
18582	9
18583	9
18584	9
18585	9
18586	9
18587	9
18588	9
18589	9
18590	9
18591	9
18592	9
18593	9
18594	9
18595	9
18596	9
18597	9
18598	9
18599	9
18600	9
18601	9
18602	9
18603	9
18604	9
18605	9
18606	9
18607	9
18608	9
18609	9
18610	9
18611	9
18612	9
18613	9
18614	9
18615	9
18616	9
18617	9
18618	9
18619	9
18620	9
18621	9
18622	9
18623	9
18624	9
18625	9
18626	9
18627	9
18628	9
18629	9
18630	9
18631	9
18632	9
18633	9
18634	9
18635	9
18636	9
18637	9
18638	9
18639	9
18640	9
18641	9
18642	9
18643	9
18644	9
18645	9
18646	9
18647	9
18648	9
18649	9
18650	9
18651	9
18652	9
18653	9
18654	9
18655	9
18656	9
18657	9
18658	9
18659	9
18660	9
18661	9
18662	9
18663	9
18664	9
18666	4
18667	9
18668	4
18669	4
18670	4
18671	4
18672	4
18673	4
18674	4
18676	9
18678	9
18681	4
18682	4
18683	4
18684	4
18685	9
18686	9
18687	4
18688	4
18689	9
18690	1
18691	4
18693	4
18694	4
18695	4
18696	4
18697	9
18698	4
18699	4
18701	9
18702	4
18704	1
18705	9
18710	1
18711	1
18712	1
18713	1
18714	1
18715	1
18716	1
18717	1
18718	1
18741	6
18742	6
18743	6
18744	6
18745	6
18746	6
18747	6
18799	4
18890	4
18904	6
18905	6
18906	6
18907	6
18914	6
18915	6
18950	4
18951	4
18952	4
18953	4
18954	9
18955	4
18956	9
18957	9
18958	9
18959	9
18960	9
18961	4
19000	4
19001	4
19002	4
19003	4
19004	4
19005	4
19006	4
19007	4
19008	4
19009	4
19010	4
19011	4
19012	4
19013	4
19014	4
19015	4
19016	4
19017	4
19018	4
19019	4
19020	4
19021	4
19022	4
19023	4
19024	4
19025	4
19026	4
19027	4
19028	4
19029	4
19030	4
19031	4
19032	4
19033	4
19034	4
19035	4
19037	4
19038	4
19039	4
19040	4
19041	4
19042	4
19058	3
19059	3
19060	3
19061	3
19062	4
19063	4
19064	4
19065	4
19066	9
19067	9
19068	9
19069	9
19125	4
19169	9
19176	9
19177	9
19178	9
19200	9
19201	9
19202	9
19203	9
19204	9
19211	9
19212	9
19213	9
19214	9
19215	9
19216	9
19217	9
19218	9
19219	9
19220	9
19240	4
19247	9
19248	9
19249	9
19250	9
19251	9
19258	3
19259	3
19264	6
19277	4
19278	4
19279	4
19280	4
19281	4
19282	4
19283	4
19284	4
19285	4
19286	4
19287	4
19288	4
19289	4
19290	4
19291	4
19292	4
19293	4
19294	4
19295	4
19296	4
19297	4
19434	4
19448	6
19450	6
19451	6
19452	6
19453	6
19456	6
19457	6
19458	6
19459	6
19460	6
19461	6
19462	6
19463	6
19464	6
19465	6
19466	6
19467	6
19468	6
19469	6
19470	6
19471	6
19472	6
19473	6
19474	6
19475	6
19476	6
19477	6
19478	6
19479	6
19480	6
19481	6
19482	6
19483	6
19484	6
19485	6
19526	6
19558	4
19566	4
19567	4
19568	4
19569	4
19570	4
19571	4
19572	4
19573	4
19574	4
19575	4
19576	4
19577	4
19578	4
19579	4
19580	4
19581	4
19582	4
19583	4
19584	4
19585	4
19586	4
19587	4
19588	4
19589	4
19590	4
19591	4
19592	4
19593	4
19594	4
19595	4
19596	4
19597	4
19598	4
19599	4
19600	4
19601	4
19602	4
19603	4
19604	4
19605	4
19606	4
19607	4
19608	4
19609	4
19610	4
19613	3
19614	3
19615	3
19616	3
19620	9
19621	9
19622	1
19623	1
19624	1
19625	1
19626	1
19627	1
19628	1
19629	1
19630	1
19631	1
19632	1
19633	1
19634	1
19635	1
19636	1
19637	1
19638	1
19639	1
19640	1
19641	1
19642	1
19643	1
19644	1
19645	1
19646	1
19647	1
19648	1
19649	1
19650	1
19651	1
19652	1
19653	1
19654	1
19655	1
19656	1
19657	1
19659	1
19660	1
19661	1
19662	1
19663	1
19664	1
19665	1
19666	1
19667	1
19676	6
19713	4
19720	6
19721	6
19722	6
19723	6
19724	6
19725	6
19726	9
19727	9
19728	9
19729	9
19730	9
19731	9
19732	6
19733	6
19734	6
19735	6
19736	6
19737	6
19738	9
19739	9
19740	9
19741	9
19742	9
19743	9
19744	6
19745	6
19746	6
19747	6
19748	6
19749	6
19750	9
19751	9
19752	9
19753	9
19754	9
19755	9
19756	6
19757	6
19758	6
19759	6
19760	6
19761	6
19762	9
19763	9
19764	9
19765	9
19766	9
19767	9
19768	6
19769	6
19770	6
19771	6
19772	6
19773	6
19774	9
19775	9
19776	9
19777	9
19778	9
19779	9
19780	6
19781	6
19782	6
19783	6
19784	6
19785	6
19786	9
19787	9
19788	9
19789	9
19790	9
19791	9
19792	6
19793	6
19794	6
19795	6
19796	6
19797	6
19798	9
19799	9
19800	9
19801	9
19802	9
19803	9
19804	6
19805	6
19806	6
19807	6
19808	6
19809	6
19810	9
19811	9
19812	9
19813	9
19814	9
19815	9
19816	6
19817	6
19818	6
19819	6
19820	6
19821	6
19822	9
19823	9
19824	9
19825	9
19826	9
19827	9
19828	6
19829	6
19830	6
19831	6
19832	6
19833	6
19834	9
19835	9
19836	9
19837	9
19838	9
19839	9
19840	6
19841	6
19842	6
19843	6
19844	6
19845	6
19846	9
19847	9
19848	9
19849	9
19850	9
19851	9
19852	6
19853	6
19854	6
19855	6
19856	6
19857	6
19858	9
19859	9
19860	9
19861	9
19862	9
19863	9
19864	6
19865	6
19866	6
19867	6
19868	6
19869	6
19870	9
19871	9
19872	9
19873	9
19874	9
19875	9
19876	6
19877	6
19878	6
19879	6
19880	6
19881	6
19882	9
19883	9
19884	9
19885	9
19886	9
19887	9
19888	6
19889	6
19890	6
19891	6
19892	6
19893	6
19894	9
19895	9
19896	9
19897	9
19898	9
19899	9
19900	6
19901	6
19902	6
19903	9
19904	9
19905	9
19906	6
19907	6
19908	6
19909	9
19910	9
19911	9
19912	6
19913	6
19914	6
19915	9
19916	9
19917	9
19918	6
19919	6
19920	6
19921	9
19922	9
19923	9
19924	6
19925	6
19926	6
19927	9
19928	9
19929	9
20090	8
20091	8
20092	8
20094	9
20096	3
20097	4
20109	4
20140	4
20141	4
20142	4
20143	8
20144	8
20145	9
20146	9
20147	1
20148	1
20149	1
20150	1
20153	4
20154	4
20155	4
20156	8
20157	8
20158	9
20159	9
20160	1
20161	1
20162	1
20163	1
20172	4
20173	4
20174	4
20175	8
20176	8
20177	9
20178	9
20179	1
20180	1
20181	1
20182	1
20184	4
20185	4
20186	4
20187	8
20188	8
20189	9
20190	9
20191	1
20192	1
20193	1
20194	1
20197	6
20198	6
20199	6
20200	6
20201	6
20202	6
20203	6
20204	6
20205	6
20206	6
20207	6
20208	6
20209	6
20210	6
20211	6
20212	6
20213	6
20214	6
20215	6
20216	6
20217	6
20218	6
20219	6
20220	6
20221	6
20222	6
20223	6
20224	6
20225	6
20226	6
20227	6
20228	6
20229	6
20230	6
20231	6
20232	6
20233	6
20234	6
20235	6
20236	6
20237	6
20238	6
20239	6
20240	6
20241	6
20242	6
20243	6
20244	6
20245	6
20246	6
20247	6
20248	6
20249	6
20250	6
20251	6
20252	6
20253	6
20254	6
20255	6
20256	6
20257	6
20258	6
20261	6
20263	6
20264	6
20265	6
20271	6
20272	6
20273	6
20274	6
20282	6
20284	4
20460	4
20480	4
20482	4
20490	6
20491	8
20492	8
20493	8
20501	9
20560	6
20598	6
20599	6
20600	6
20601	6
20602	6
20603	6
20604	6
20605	6
20606	6
20607	6
20608	6
20609	6
20610	6
20611	6
20612	6
20613	6
20614	6
20615	6
20616	6
20617	6
20618	6
20619	6
20620	6
20621	6
20622	6
20623	6
20624	6
20625	6
20626	6
20627	6
20628	6
20629	6
20630	6
20631	6
20632	6
20633	6
20634	6
20635	6
20636	6
20637	6
20638	6
20639	6
20640	6
20641	6
20642	6
20643	6
20644	6
20645	6
20646	6
20647	6
20648	6
20649	6
20650	6
20651	6
20652	6
20653	6
20654	6
20655	6
20656	6
20657	6
20658	6
20659	6
20660	6
20661	6
20662	6
20663	6
20664	6
20665	6
20666	6
20667	6
20668	6
20669	6
20670	6
20671	6
20672	6
20673	6
20674	6
20675	6
20676	6
20677	6
20678	6
20679	6
20680	6
20681	6
20682	6
20683	6
20684	6
20685	6
20686	6
20687	6
20688	6
20689	6
20690	6
20691	6
20692	6
20693	6
20694	6
20695	6
20696	6
20697	6
20698	6
20699	6
20700	6
20701	6
20702	6
20703	6
20704	6
20705	6
20706	6
20707	6
20708	6
20709	6
20710	6
20711	6
20712	6
20713	6
20714	6
20715	6
20716	6
20717	6
20718	6
20719	6
20720	6
20721	6
20722	6
20723	6
20724	6
20725	6
20726	6
20727	6
20728	6
20729	6
20730	6
20731	6
20732	6
20733	6
20734	6
20735	6
20736	6
20737	6
20738	6
20739	6
20740	6
20741	6
20742	6
20743	6
20744	6
20745	6
20746	6
20747	6
20748	6
20749	6
20750	6
20751	6
20752	6
20753	6
20754	6
20755	6
20756	6
20757	6
20758	6
20759	6
20760	6
20761	6
20762	6
20763	6
20764	6
20765	6
20766	6
20767	6
20768	6
20769	6
20770	6
20771	6
20772	6
20773	6
20774	6
20775	6
20776	6
20777	6
20778	6
20779	6
20780	6
20781	6
20782	6
20783	6
20784	6
20785	6
20786	6
20787	6
20788	6
20789	6
20790	6
20791	6
20792	6
20793	6
20794	6
20795	6
20796	6
20797	6
20798	6
20799	6
20800	6
20801	6
20802	6
20803	6
20804	6
20805	6
20806	6
20807	6
20808	6
20809	6
20810	6
20811	6
20812	6
20813	6
20814	6
20815	6
20816	6
20817	6
20818	6
20819	6
20820	6
20821	6
20822	6
20823	6
20824	6
20825	6
20826	6
20827	6
20828	6
20829	6
20830	6
20831	6
20832	6
20833	6
20834	6
20835	6
20836	6
20837	6
20838	6
20839	6
20840	6
20841	6
20842	6
20843	6
20844	6
20845	6
20846	6
20847	6
20848	6
20849	6
20850	6
20851	6
20852	6
20853	6
20854	6
20855	6
20856	6
20857	6
20858	6
20859	6
20860	6
20861	6
20862	6
20863	6
20864	6
20865	6
20866	6
20867	6
20868	6
20869	6
20870	6
20871	6
20872	6
20873	6
20874	6
20875	6
20876	6
20877	6
20878	6
20879	6
20880	6
20881	6
20882	6
20883	6
20884	6
20885	6
20886	6
20887	6
20888	6
20889	6
20890	6
20891	6
20892	6
20893	6
20894	6
20895	6
20896	6
20897	6
20898	6
20899	6
20900	6
20901	6
20902	6
20903	6
20904	6
20905	6
20906	6
20907	6
20908	6
20909	6
20910	6
20911	6
20912	6
20913	6
20914	6
20915	6
20916	6
20917	6
20918	6
20919	6
20920	6
20921	6
20922	6
20923	6
20924	6
20925	6
20926	6
20927	6
20928	6
20929	6
20930	6
20931	6
20932	6
20933	6
20934	6
20935	6
20936	6
20937	6
20938	6
20939	6
20940	6
20941	6
20942	6
20943	6
20944	6
20945	6
20946	6
20947	6
20948	6
20949	6
20950	6
20951	6
20952	6
20953	6
20954	6
20955	6
20956	6
20957	6
20958	6
20959	6
20960	6
20961	6
20962	6
20963	6
20964	6
20965	6
20966	6
20967	6
20968	6
20969	6
20970	6
20971	6
20972	6
20973	6
20974	6
20975	6
20976	6
20977	6
20978	6
20979	6
20980	6
20981	6
20982	6
20983	6
20984	6
20985	6
20986	6
20987	6
20988	6
20989	6
20990	6
20991	6
20992	6
20993	6
20994	6
20995	6
20996	6
20997	6
20998	6
20999	6
21000	6
21001	6
21002	6
21003	6
21004	6
21005	6
21006	6
21007	6
21008	6
21009	6
21010	6
21011	6
21012	6
21013	6
21014	6
21015	6
21016	6
21017	6
21133	4
21134	4
21176	6
21194	4
21199	1
21209	6
21283	1
21284	1
21285	1
21286	1
21335	8
21336	8
21337	8
21520	4
21619	6
21620	6
21621	6
21622	6
21623	6
21624	6
21625	6
21626	6
21627	6
21628	6
21629	6
21630	6
21631	6
21632	6
21633	6
21634	6
21635	6
21636	6
21637	6
21638	6
21639	6
21640	6
21641	6
21642	6
21643	6
21645	6
21646	6
21647	6
21648	6
21649	6
21650	6
21651	6
21652	6
21653	6
21654	6
21697	4
21742	4
21743	4
21744	4
21752	4
21776	4
21777	4
21778	4
21779	4
21780	4
21781	4
21782	4
21783	4
21784	9
21785	9
21786	9
21787	9
21788	9
21789	9
21790	9
21791	9
21793	9
21794	1
21795	1
21796	1
21797	1
21798	1
21799	1
21800	1
21801	1
21802	1
21803	6
21804	6
21805	6
21806	6
21807	6
21808	6
21809	6
21810	6
21811	6
21812	4
21813	4
21814	4
21815	4
21816	4
21817	4
21818	4
21819	4
21820	9
21821	9
21822	9
21823	9
21824	9
21825	9
21826	9
21827	9
21828	9
21829	1
21830	1
21831	1
21832	1
21833	1
21834	1
21835	1
21836	1
21837	1
21838	6
21839	6
21840	6
21841	6
21842	6
21843	6
21844	6
21845	6
21846	6
21847	4
21848	4
21849	4
21850	4
21851	4
21852	4
21853	4
21854	4
21855	9
21856	9
21857	9
21858	9
21859	9
21860	9
21861	9
21862	9
21863	9
21864	1
21865	1
21866	1
21867	1
21868	1
21869	1
21870	1
21871	1
21872	1
21873	6
21874	6
21875	6
21876	6
21877	6
21878	6
21879	6
21880	6
21881	6
21895	4
21896	4
21897	4
21898	4
21899	4
21900	4
21901	4
21902	4
21903	9
21904	9
21905	9
21906	9
21907	9
21908	9
21909	9
21910	9
21911	9
21912	1
21913	1
21914	1
21915	1
21916	1
21917	1
21918	1
21919	1
21920	1
21921	6
21922	6
21923	6
21924	6
21925	6
21926	6
21927	6
21928	6
21929	6
21930	4
21931	4
21932	4
21933	4
21934	4
21935	4
21936	4
21937	4
21938	9
21939	9
21940	9
21941	9
21942	9
21943	9
21944	9
21945	9
21946	9
21947	1
21948	1
21949	1
21950	1
21951	1
21952	1
21953	1
21954	1
21955	1
21956	6
21957	6
21958	6
21959	6
21960	6
21961	6
21962	6
21963	6
21964	6
21965	4
21966	4
21967	4
21968	4
21969	4
21970	4
21971	4
21972	4
21973	9
21974	9
21975	9
21976	9
21977	9
21978	9
21979	9
21980	9
21981	9
21982	1
21983	1
21984	1
21985	1
21986	1
21987	1
21988	1
21989	1
21990	1
21991	6
21992	6
21993	6
21994	6
21995	6
21996	6
21997	6
21998	6
21999	6
22027	6
22028	6
22029	6
22030	6
22031	6
22050	8
22051	8
22052	8
22073	3
22074	3
22075	3
22076	4
22077	9
22078	3
22079	4
22080	9
22081	1
22082	1
22083	1
22084	1
22085	1
22086	1
22097	3
22115	4
22116	4
22117	4
22118	4
22119	4
22120	6
22121	8
22122	8
22123	8
22126	4
22127	4
22128	9
22457	5
22459	4
22460	1
22502	4
22503	4
22504	4
22505	4
22506	4
22507	4
22508	4
22509	4
22510	4
22511	4
22512	4
22513	4
22514	4
22515	4
22516	4
22517	4
22518	4
22519	4
22520	4
22521	4
22522	4
22523	4
22524	4
22525	4
22526	4
22527	4
22528	4
22529	4
22530	4
22531	4
22532	4
22533	4
22534	1
22535	1
22536	1
22537	1
22538	1
22539	1
22540	1
22541	1
22542	1
22543	1
22544	1
22545	1
22546	1
22547	1
22548	1
22549	1
22550	1
22551	1
22552	1
22553	1
22554	1
22555	1
22556	1
22557	1
22558	6
22559	6
22560	6
22561	6
22562	6
22563	6
22564	6
22565	6
22566	6
22567	6
22568	6
22569	6
22570	6
22571	6
22572	6
22573	6
22574	6
22575	6
22576	6
22577	6
22578	6
22579	6
22580	6
22581	6
22582	4
22583	4
22584	4
22585	4
22586	4
22587	4
22588	4
22589	4
22590	4
22591	4
22592	4
22593	4
22594	4
22595	4
22596	4
22597	4
22598	4
22599	4
22600	4
22601	4
22602	4
22603	4
22604	4
22605	4
22606	4
22607	4
22608	4
22609	4
22610	4
22611	4
22612	4
22613	4
22614	1
22615	1
22616	1
22617	1
22618	1
22619	1
22620	1
22621	1
22622	1
22623	1
22624	1
22625	1
22626	1
22627	1
22628	1
22629	1
22630	1
22631	1
22632	1
22633	1
22634	1
22635	1
22636	1
22637	1
22638	6
22639	6
22640	6
22641	6
22642	6
22643	6
22644	6
22645	6
22646	6
22647	6
22648	6
22649	6
22650	6
22651	6
22652	6
22653	6
22654	6
22655	6
22656	6
22657	6
22658	6
22659	6
22660	6
22661	6
22662	4
22663	4
22664	4
22665	4
22666	4
22667	4
22668	4
22669	4
22670	4
22671	4
22672	4
22673	4
22674	4
22675	4
22676	4
22677	4
22678	4
22679	4
22680	4
22681	4
22682	4
22683	4
22684	4
22685	4
22686	4
22687	4
22688	4
22689	4
22690	4
22691	4
22692	4
22693	4
22694	1
22695	1
22696	1
22697	1
22698	1
22699	1
22700	1
22701	1
22703	1
22704	1
22705	1
22706	1
22707	1
22708	1
22709	1
22710	1
22711	1
22712	1
22713	1
22714	1
22715	1
22716	1
22717	1
22718	1
22719	6
22720	6
22721	6
22722	6
22723	6
22724	6
22725	6
22726	6
22727	6
22728	6
22729	6
22730	6
22731	6
22732	6
22733	6
22734	6
22735	6
22736	6
22737	6
22738	6
22739	6
22742	6
22743	6
22744	6
22745	4
22746	4
22747	4
22748	4
22749	4
22750	4
22751	4
22752	4
22753	4
22754	4
22755	4
22756	4
22757	4
22758	4
22759	4
22760	4
22761	4
22762	4
22763	4
22764	4
22765	4
22766	4
22767	4
22768	4
22769	4
22770	4
22771	4
22772	4
22773	4
22774	4
22775	4
22776	4
22777	1
22778	1
22779	1
22780	1
22781	1
22782	1
22783	1
22784	1
22785	1
22786	1
22787	1
22788	1
22789	1
22790	1
22791	1
22792	1
22793	1
22794	1
22795	1
22796	1
22797	1
22798	1
22799	1
22800	1
22801	6
22802	6
22803	6
22804	6
22805	6
22806	6
22807	6
22808	6
22809	6
22810	6
22811	6
22812	6
22813	6
22814	6
22815	6
22816	6
22817	6
22818	6
22819	6
22820	6
22821	6
22822	6
22823	6
22824	6
22825	4
22826	4
22827	4
22828	4
22829	4
22830	4
22831	4
22832	4
22833	4
22834	4
22835	4
22836	4
22837	4
22838	4
22839	4
22840	4
22841	4
22842	4
22843	4
22844	4
22845	4
22846	4
22847	4
22848	4
22849	4
22850	4
22851	4
22852	4
22853	4
22854	4
22855	4
22856	4
22857	1
22858	1
22859	1
22860	1
22861	1
22862	1
22863	1
22864	1
22865	1
22866	1
22867	1
22868	1
22869	1
22870	1
22871	1
22872	1
22873	1
22874	1
22875	1
22876	1
22877	1
22878	1
22879	1
22880	1
22881	6
22882	6
22883	6
22884	6
22885	6
22886	6
22887	6
22888	6
22889	6
22890	6
22891	6
22892	6
22893	6
22894	6
22895	6
22896	6
22897	6
22898	6
22899	6
22900	6
22901	6
22902	6
22903	6
22904	6
23017	4
23018	4
23019	4
23021	4
23124	6
23144	4
23162	4
23212	4
23217	6
23229	4
23230	4
23231	4
23232	4
23233	4
23234	4
23235	4
23236	4
23237	4
23238	4
23239	4
23240	4
23241	4
23242	4
23243	4
23244	4
23245	4
23246	4
23247	4
23248	4
23249	4
23250	4
23251	4
23252	4
23253	4
23254	4
23255	4
23256	4
23257	4
23258	4
23259	4
23260	4
23261	4
23263	4
23264	4
23266	4
23268	4
23269	4
23270	4
23271	4
23272	4
23273	4
23274	4
23275	4
23276	4
23277	4
23278	4
23279	4
23280	4
23281	4
23282	4
23283	4
23284	4
23285	4
23286	4
23287	4
23288	4
23289	4
23290	4
23291	4
23295	4
23336	4
23352	6
23353	8
23354	8
23355	8
23356	9
23363	4
23433	6
23434	6
23435	6
23436	6
23437	6
23438	6
23439	6
23440	6
23441	6
23442	6
23443	6
23444	6
23445	6
23446	6
23447	6
23448	6
23449	6
23450	6
23451	6
23452	6
23453	6
23454	6
23455	6
23456	6
23457	6
23458	6
23459	6
23460	6
23461	6
23462	6
23463	6
23464	6
23465	6
23466	6
23467	6
23468	6
23469	6
23470	6
23471	6
23472	6
23473	6
23474	6
23475	6
23476	6
23477	6
23478	6
23479	6
23480	6
23481	6
23482	6
23483	6
23484	6
23485	6
23486	6
23487	6
23488	6
23489	6
23490	6
23491	6
23492	6
23493	6
23494	6
23495	6
23496	6
23497	6
23498	6
23499	6
23500	6
23501	6
23502	6
23503	6
23504	6
23505	6
23506	6
23507	6
23508	6
23509	6
23510	6
23511	6
23512	6
23513	6
23514	6
23515	6
23516	6
23517	6
23518	6
23519	6
23520	6
23521	6
23522	6
23523	6
23524	6
23525	6
23526	6
23527	6
23528	6
23529	6
23530	6
23531	6
23532	6
23533	6
23534	6
23535	6
23536	6
23537	6
23538	6
23539	6
23540	6
23541	6
23542	6
23543	6
23544	6
23545	6
23546	6
23547	6
23548	6
23549	6
23550	6
23551	6
23552	6
23553	6
23554	6
23555	6
23556	6
23557	6
23558	6
23559	6
23560	6
23561	6
23562	6
23563	6
23564	6
23565	6
23566	6
23567	6
23568	6
23569	6
23570	6
23571	6
23572	6
23573	6
23574	6
23575	6
23576	6
23577	6
23578	6
23579	6
23580	6
23581	6
23582	6
23583	6
23584	6
23585	6
23586	6
23587	6
23588	6
23589	6
23590	6
23591	6
23592	6
23593	6
23594	6
23595	6
23596	6
23597	6
23598	6
23599	6
23600	6
23601	6
23602	6
23603	6
23604	6
23605	6
23606	6
23607	6
23608	6
23609	6
23610	6
23611	6
23612	6
23613	6
23614	6
23615	6
23616	6
23617	6
23618	6
23619	6
23620	6
23621	6
23622	6
23623	6
23624	6
23625	6
23626	6
23627	6
23628	6
23629	6
23630	6
23631	6
23632	6
23633	6
23634	6
23635	6
23636	6
23637	6
23638	6
23639	6
23640	6
23641	6
23642	6
23643	6
23644	6
23645	6
23646	6
23647	6
23648	6
23649	6
23650	6
23651	6
23652	6
23653	6
23654	6
23655	6
23656	6
23657	6
23658	6
23659	6
23660	6
23661	6
23662	6
23663	6
23664	6
23665	6
23666	6
23667	6
23668	6
23669	6
23670	6
23671	6
23672	6
23795	9
23863	6
23864	6
23884	1
23885	1
23886	6
23887	6
23897	4
23898	4
23899	3
23900	3
23996	6
23997	6
23998	6
23999	6
24000	6
24002	6
24003	4
24004	6
24005	4
24006	6
24007	4
24008	6
24009	3
24011	3
24012	1
24013	1
24014	6
24022	6
24023	6
24024	6
24025	6
24026	6
24027	6
24028	6
24029	6
24030	6
24055	6
24056	6
24057	6
24058	6
24059	6
24060	6
24061	6
24062	6
24063	6
24089	6
24090	6
24091	6
24092	6
24093	6
24094	6
24095	6
24096	6
24097	6
24098	6
24099	6
24100	6
24101	6
24102	6
24103	6
24104	6
24105	6
24106	6
24124	5
24133	3
24134	1
24135	6
24190	4
24191	4
24192	4
24194	4
24195	3
24197	3
24198	1
24199	1
24274	3
24275	3
24276	3
24277	3
24278	3
24279	3
24283	6
24284	6
24285	6
24286	6
24287	6
24288	6
24291	1
24292	6
24300	6
24307	6
24310	6
24311	6
24312	6
24313	6
24314	6
24315	6
24316	6
24317	6
24318	6
24319	6
24320	6
24321	6
24322	6
24323	6
24324	6
24325	6
24326	6
24327	6
24328	6
24329	6
24330	6
24331	6
24332	6
24333	6
24637	6
24643	3
24654	4
24655	4
24656	4
24657	4
24658	4
24659	4
24660	4
24661	4
24662	1
24687	4
24710	8
24711	8
24712	6
24713	6
24818	6
24819	6
24820	6
24821	6
24822	6
24823	6
24824	6
24825	6
24826	6
24827	6
24828	6
24829	6
24832	6
24833	6
24835	6
24836	6
24837	6
24838	6
24839	6
24840	6
24841	6
24842	6
24843	6
24844	6
24845	6
24846	6
24847	6
24848	6
24849	6
24850	6
24851	6
24852	6
24853	6
24854	6
24855	6
24856	6
24857	6
24858	6
24859	6
24860	6
24861	6
24862	6
24863	6
24864	6
24865	6
24866	6
24867	6
24868	6
24869	6
24870	6
24871	6
24872	6
24873	6
24874	6
24875	6
24876	6
24877	6
24878	6
24879	6
24880	6
24936	1
24948	6
25119	6
25120	6
25121	6
25122	8
25123	8
25156	4
25157	1
25290	4
25291	4
25292	4
25293	4
25294	4
25295	4
25296	4
25297	4
25337	6
25380	6
25381	1
25382	1
25383	1
25384	1
25385	1
25386	1
25387	1
25388	1
25389	1
25401	4
25402	9
25720	9
25721	9
25722	3
25723	4
25724	1
25725	3
25726	4
25727	1
25732	8
25737	8
25738	8
25739	9
25741	6
25745	6
25954	6
25959	9
25960	9
25961	9
25962	9
25963	9
25964	9
25965	9
25966	9
25967	9
25968	9
25969	9
25970	9
25971	9
25972	9
25973	9
25974	9
25975	9
25976	9
25977	9
25978	9
25979	9
25980	9
25981	9
25982	9
25983	9
25984	9
25985	9
25986	9
25987	9
25988	9
25989	9
25990	9
25991	9
25992	9
25993	9
25994	9
25995	9
25996	9
25997	9
25998	9
25999	9
26000	9
26001	9
26002	9
26003	9
26004	9
26005	9
26006	9
26007	9
26008	9
26009	9
26010	9
26011	9
26012	9
26013	9
26014	9
26015	9
26016	9
26017	9
26018	9
26019	9
26020	9
26021	9
26022	9
26023	9
26024	9
26025	9
26026	6
26027	6
26028	6
26029	6
26030	6
26031	6
26032	6
26033	6
26034	6
26035	6
26036	6
26037	6
26038	6
26039	6
26040	6
26041	6
26042	6
26043	6
26044	6
26045	6
26046	6
26047	6
26048	6
26049	6
26050	6
26051	6
26052	6
26053	6
26054	6
26055	6
26056	6
26057	6
26058	6
26059	6
26060	6
26061	6
26062	6
26063	6
26064	6
26065	6
26066	6
26067	6
26068	6
26069	6
26070	6
26071	6
26072	6
26073	6
26074	6
26075	6
26076	6
26077	6
26078	6
26079	6
26080	6
26081	6
26082	6
26083	6
26084	6
26085	6
26086	6
26087	6
26088	6
26089	6
26090	6
26091	6
26092	6
26093	6
26094	6
26095	6
26096	6
26097	6
26098	6
26099	6
26100	6
26101	6
26102	6
26103	6
26104	6
26105	6
26106	6
26107	6
26108	6
26109	6
26110	6
26111	6
26112	6
26113	6
26114	6
26115	1
26116	1
26117	1
26118	1
26119	9
26120	9
26121	6
26126	9
26127	9
26128	9
26129	9
26130	9
26131	9
26132	9
26133	9
26134	9
26135	9
26136	9
26137	9
26138	9
26139	9
26140	9
26141	9
26142	9
26143	9
26144	9
26145	9
26146	9
26147	9
26148	9
26149	9
26150	9
26151	9
26152	9
26153	9
26154	9
26155	9
26156	9
26157	9
26158	9
26159	9
26160	9
26161	9
26162	9
26163	9
26164	9
26165	9
26166	9
26167	9
26168	9
26169	9
26170	9
26171	9
26172	9
26173	9
26174	9
26175	9
26176	9
26177	9
26178	9
26179	9
26180	9
26181	9
26182	9
26183	9
26184	9
26185	9
26186	9
26187	9
26188	9
26189	9
26190	9
26191	9
26192	9
26193	6
26194	6
26195	6
26196	6
26197	6
26198	6
26199	6
26200	6
26201	6
26202	6
26203	6
26204	6
26205	6
26206	6
26207	6
26208	6
26209	6
26210	6
26211	6
26212	6
26213	6
26214	6
26215	6
26216	6
26217	6
26218	6
26219	6
26220	6
26221	6
26222	6
26223	6
26224	6
26225	6
26226	6
26227	6
26228	6
26229	6
26230	6
26231	6
26232	6
26233	6
26234	6
26235	6
26236	6
26237	6
26238	6
26239	6
26240	6
26241	6
26242	6
26243	6
26244	6
26245	6
26246	6
26247	6
26248	6
26249	6
26250	6
26251	6
26252	6
26253	6
26254	6
26255	6
26256	6
26257	6
26258	6
26259	6
26260	6
26261	6
26262	6
26263	6
26264	6
26265	6
26266	6
26267	6
26268	6
26269	6
26270	6
26271	6
26272	6
26273	6
26274	6
26275	6
26276	6
26277	6
26278	6
26279	6
26280	6
26281	6
26282	1
26283	1
26284	1
26285	1
26286	9
26287	9
26288	6
26293	9
26294	9
26295	9
26296	9
26297	9
26298	9
26299	9
26300	9
26301	9
26302	9
26303	9
26304	9
26305	9
26306	9
26307	9
26308	9
26309	9
26310	9
26311	9
26312	9
26313	9
26314	9
26315	9
26316	9
26317	9
26318	9
26319	9
26320	9
26321	9
26322	6
26323	6
26324	6
26325	6
26326	6
26327	6
26328	6
26329	6
26330	6
26331	6
26332	6
26333	6
26334	6
26335	6
26336	6
26337	6
26338	6
26339	6
26340	6
26341	6
26342	6
26343	6
26344	6
26345	6
26346	6
26347	6
26348	6
26349	6
26350	6
26351	6
26352	6
26353	6
26354	6
26355	6
26356	6
26357	6
26358	6
26359	6
26360	6
26361	6
26362	6
26363	6
26364	6
26365	6
26366	6
26367	6
26368	6
26369	6
26370	6
26371	6
26372	6
26373	6
26374	6
26375	6
26376	6
26377	6
26378	6
26379	6
26380	6
26381	6
26382	6
26383	6
26384	6
26385	6
26386	6
26389	6
26390	6
26391	6
26392	6
26393	6
26394	6
26395	6
26396	6
26397	6
26398	6
26399	6
26400	6
26401	6
26402	1
26403	1
26404	1
26405	1
26406	9
26407	9
26408	6
26413	9
26414	9
26415	9
26416	9
26417	9
26418	9
26419	9
26420	9
26421	9
26422	9
26423	9
26424	9
26425	9
26426	9
26427	9
26428	9
26429	9
26430	9
26431	9
26432	9
26433	9
26434	9
26435	9
26436	9
26437	9
26438	9
26439	9
26440	9
26441	9
26442	9
26443	9
26444	9
26445	9
26446	9
26447	9
26448	9
26449	9
26450	9
26451	9
26452	9
26453	9
26454	9
26455	9
26456	9
26457	9
26458	9
26459	9
26460	9
26461	9
26462	9
26463	9
26464	9
26465	9
26466	9
26467	9
26468	9
26469	9
26470	9
26471	9
26472	9
26473	9
26474	9
26475	9
26476	9
26477	9
26478	9
26479	9
26480	6
26481	6
26482	6
26483	6
26484	6
26485	6
26486	6
26487	6
26488	6
26489	6
26490	6
26491	6
26492	6
26493	6
26494	6
26495	6
26496	6
26497	6
26498	6
26499	6
26500	6
26501	6
26502	6
26503	6
26504	6
26505	6
26506	6
26507	6
26508	6
26509	6
26510	6
26511	6
26512	6
26513	6
26514	6
26515	6
26516	6
26517	6
26518	6
26519	6
26520	6
26521	6
26522	6
26523	6
26524	6
26525	6
26526	6
26527	6
26528	6
26529	6
26530	6
26531	6
26532	6
26533	6
26534	6
26535	6
26536	6
26537	6
26538	6
26539	6
26540	6
26541	6
26542	6
26543	6
26544	6
26545	6
26546	6
26547	6
26548	6
26549	6
26550	6
26551	6
26552	6
26553	6
26554	6
26555	6
26556	6
26557	6
26558	6
26559	6
26560	6
26561	6
26562	6
26563	6
26564	6
26565	6
26566	6
26567	6
26568	6
26569	1
26570	1
26571	1
26572	1
26573	9
26574	9
26575	6
26580	9
26581	9
26582	9
26583	9
26584	9
26585	9
26586	9
26587	9
26588	9
26589	9
26590	9
26591	9
26592	9
26593	9
26594	9
26595	9
26596	9
26597	9
26598	9
26599	9
26600	9
26601	9
26602	9
26603	9
26604	9
26605	9
26606	9
26607	9
26608	9
26609	9
26610	9
26611	9
26612	9
26613	9
26614	9
26615	9
26616	9
26617	9
26618	9
26619	9
26620	9
26621	9
26622	9
26623	9
26624	9
26625	9
26626	9
26627	9
26628	9
26629	9
26630	9
26631	9
26632	9
26633	9
26634	9
26635	9
26636	9
26637	9
26638	9
26639	9
26640	9
26641	9
26642	9
26643	9
26644	9
26645	9
26646	9
26647	6
26648	6
26649	6
26650	6
26651	6
26652	6
26653	6
26654	6
26655	6
26656	6
26657	6
26658	6
26659	6
26660	6
26661	6
26662	6
26663	6
26664	6
26665	6
26666	6
26667	6
26668	6
26669	6
26670	6
26671	6
26672	6
26673	6
26674	6
26675	6
26676	6
26677	6
26678	6
26679	6
26680	6
26681	6
26682	6
26683	6
26684	6
26685	6
26686	6
26687	6
26688	6
26689	6
26690	6
26691	6
26692	6
26693	6
26694	6
26695	6
26696	6
26697	6
26698	6
26699	6
26700	6
26701	6
26702	6
26703	6
26704	6
26705	6
26706	6
26707	6
26708	6
26709	6
26710	6
26711	6
26712	6
26713	6
26714	6
26715	6
26716	6
26717	6
26718	6
26719	6
26720	6
26721	6
26722	6
26723	6
26724	6
26725	6
26726	6
26727	6
26728	6
26729	6
26730	6
26731	6
26732	6
26733	6
26734	6
26735	6
26736	1
26737	1
26738	1
26739	1
26740	9
26741	9
26742	6
26747	9
26748	9
26749	9
26750	9
26751	9
26752	9
26753	9
26754	9
26755	9
26756	9
26757	9
26758	9
26759	9
26760	9
26761	9
26762	9
26763	9
26764	9
26765	9
26766	9
26767	9
26768	9
26769	9
26770	9
26771	9
26772	9
26773	9
26774	9
26775	9
26776	9
26777	9
26778	9
26779	9
26780	9
26781	9
26782	9
26783	9
26784	9
26785	9
26786	9
26787	9
26788	9
26789	9
26790	9
26791	9
26792	9
26793	9
26794	9
26795	9
26796	9
26797	9
26798	9
26799	9
26800	9
26801	9
26802	9
26803	9
26804	9
26805	9
26806	9
26807	9
26808	9
26809	9
26810	9
26811	9
26812	9
26813	9
26814	6
26815	6
26816	6
26817	6
26818	6
26819	6
26820	6
26821	6
26822	6
26823	6
26824	6
26825	6
26826	6
26827	6
26828	6
26829	6
26830	6
26831	6
26832	6
26833	6
26834	6
26835	6
26836	6
26837	6
26838	6
26839	6
26840	6
26841	6
26842	6
26843	6
26844	6
26845	6
26846	6
26847	6
26848	6
26849	6
26850	6
26851	6
26852	6
26853	6
26854	6
26855	6
26856	6
26857	6
26858	6
26859	6
26860	6
26861	6
26862	6
26863	6
26864	6
26865	6
26866	6
26867	6
26868	6
26869	6
26870	6
26871	6
26872	6
26873	6
26874	6
26875	6
26876	6
26877	6
26878	6
26879	6
26880	6
26881	6
26882	6
26883	6
26884	6
26885	6
26886	6
26887	6
26888	6
26889	6
26890	6
26891	6
26892	6
26893	6
26894	6
26895	6
26896	6
26897	6
26898	6
26899	6
26900	6
26901	6
26902	6
26903	6
26904	6
26905	6
26906	6
26907	6
26908	6
26909	1
26910	1
26911	1
26912	1
26913	9
26914	9
26915	6
26920	9
26921	9
26922	9
26923	9
26924	9
26925	9
26926	9
26927	9
26928	9
26929	9
26930	9
26931	9
26932	9
26933	9
26934	9
26935	9
26936	9
26937	9
26938	9
26939	9
26940	9
26941	9
26942	9
26943	9
26944	9
26945	9
26946	9
26947	9
26948	9
26949	9
26950	9
26951	9
26952	9
26953	9
26954	9
26955	9
26956	9
26957	9
26958	9
26959	9
26960	9
26961	9
26962	9
26963	9
26964	9
26965	9
26966	9
26967	9
26968	9
26969	9
26970	9
26971	9
26972	9
26973	9
26974	9
26975	9
26976	9
26977	9
26978	9
26979	9
26980	9
26981	9
26982	9
26983	9
26984	9
26985	9
26986	9
26987	6
26988	6
26989	6
26990	6
26991	6
26992	6
26993	6
26994	6
26995	6
26996	6
26997	6
26998	6
26999	6
27000	6
27001	6
27002	6
27003	6
27004	6
27005	6
27006	6
27007	6
27008	6
27009	6
27010	6
27011	6
27012	6
27013	6
27014	6
27015	6
27016	6
27017	6
27018	6
27019	6
27020	6
27021	6
27022	6
27023	6
27024	6
27025	6
27026	6
27027	6
27028	6
27029	6
27030	6
27031	6
27032	6
27033	6
27034	6
27035	6
27036	6
27037	6
27038	6
27039	6
27040	6
27041	6
27042	6
27043	6
27044	6
27045	6
27046	6
27047	6
27048	6
27049	6
27050	6
27051	6
27052	6
27053	6
27054	6
27055	6
27056	6
27057	6
27058	6
27059	6
27060	6
27061	6
27062	6
27063	6
27064	6
27065	6
27066	6
27067	6
27068	6
27069	6
27070	6
27071	6
27072	6
27073	6
27074	6
27075	6
27076	1
27077	1
27078	1
27079	1
27080	9
27081	9
27087	6
27092	9
27093	9
27094	9
27095	9
27096	9
27097	9
27098	9
27099	9
27100	9
27101	9
27102	9
27103	9
27104	9
27105	9
27106	9
27107	9
27108	9
27109	9
27110	9
27111	9
27112	9
27113	9
27114	9
27115	9
27116	9
27117	9
27118	9
27119	9
27120	9
27121	9
27122	9
27123	9
27124	9
27125	9
27126	9
27127	9
27128	9
27129	9
27130	9
27131	9
27132	9
27133	9
27134	9
27135	9
27136	9
27137	9
27138	9
27139	9
27140	9
27141	9
27142	9
27143	9
27144	9
27145	9
27146	9
27147	9
27148	9
27149	9
27151	9
27152	9
27153	9
27154	9
27155	9
27156	9
27157	9
27158	9
27159	9
27160	6
27162	6
27163	6
27164	6
27166	6
27167	6
27169	6
27170	6
27171	6
27172	6
27173	6
27175	6
27177	6
27178	6
27179	6
27180	6
27181	6
27182	6
27184	6
27185	6
27186	6
27187	6
27188	6
27189	6
27190	6
27193	6
27200	6
27201	6
27202	6
27203	6
27204	6
27205	6
27206	6
27207	6
27208	6
27209	6
27210	6
27211	6
27212	6
27213	6
27214	6
27215	6
27216	6
27217	6
27218	6
27219	6
27220	6
27221	6
27222	6
27223	6
27224	6
27225	6
27226	6
27227	6
27228	6
27229	6
27230	6
27231	6
27232	6
27233	6
27234	6
27235	6
27236	6
27237	6
27238	6
27239	6
27240	6
27241	6
27242	6
27243	6
27244	6
27245	6
27246	6
27247	6
27248	6
27249	6
27250	6
27251	6
27252	6
27253	6
27254	6
27255	6
27256	6
27257	6
27258	6
27259	6
27260	6
27261	1
27262	1
27263	1
27264	1
27265	9
27266	9
27271	6
27277	9
27278	9
27280	9
27281	9
27282	9
27283	9
27286	9
27287	9
27289	9
27290	9
27291	9
27292	9
27293	9
27294	9
27296	9
27297	9
27298	9
27299	9
27300	9
27301	9
27302	9
27303	9
27304	9
27305	9
27306	9
27307	9
27308	9
27309	9
27311	9
27312	9
27313	9
27315	9
27316	9
27317	9
27318	9
27320	9
27321	9
27323	9
27324	9
27325	9
27326	9
27327	9
27328	9
27329	9
27330	9
27331	9
27332	9
27333	9
27334	9
27335	9
27336	9
27337	9
27338	9
27339	9
27340	9
27341	9
27342	9
27343	9
27344	9
27345	9
27346	9
27347	9
27348	9
27349	9
27350	9
27351	9
27352	6
27353	6
27354	6
27355	6
27356	6
27357	6
27358	6
27359	6
27360	6
27361	6
27362	6
27363	6
27364	6
27365	6
27366	6
27367	6
27368	6
27369	6
27370	6
27371	6
27372	6
27373	6
27374	6
27375	6
27376	6
27377	6
27378	6
27379	6
27380	6
27381	6
27382	6
27383	6
27384	6
27385	6
27386	6
27387	6
27388	6
27389	6
27390	6
27391	6
27392	6
27393	6
27394	6
27395	6
27396	6
27397	6
27398	6
27399	6
27400	6
27401	6
27402	6
27403	6
27404	6
27405	6
27406	6
27407	6
27408	6
27409	6
27410	6
27411	6
27412	6
27413	6
27414	6
27415	6
27416	6
27417	6
27418	6
27419	6
27420	6
27421	6
27422	6
27423	6
27424	6
27425	6
27426	6
27427	6
27428	6
27429	6
27430	6
27431	6
27432	6
27433	6
27434	6
27435	6
27436	6
27437	6
27438	6
27439	6
27440	6
27441	1
27442	1
27443	1
27444	1
27445	9
27446	9
27448	6
27465	9
27468	9
27469	9
27472	9
27474	9
27475	9
27477	9
27478	9
27479	9
27480	9
27498	9
27499	9
27500	9
27501	9
27502	9
27503	9
27504	9
27505	9
27506	9
27507	9
27508	9
27509	9
27510	9
27511	9
27512	9
27513	9
27514	9
27515	9
27597	6
27598	6
27599	6
27605	6
27607	6
27608	6
27609	6
27610	6
27611	6
27612	6
27613	6
27614	6
27615	6
27616	6
27617	6
27618	6
27619	6
27620	6
27621	6
27622	6
27623	6
27624	6
27625	6
27626	6
27627	6
27628	6
27629	6
27630	6
27631	6
27632	6
27633	6
27634	6
27635	6
27636	6
27637	6
27638	6
27639	6
27640	6
27641	6
27642	6
27643	6
27644	6
27645	6
27646	6
27647	6
27648	6
27649	6
27650	6
27651	6
27652	6
27653	6
27654	6
27655	6
27656	6
27657	6
27658	6
27659	6
27660	6
27661	6
27662	6
27663	6
27664	6
27665	6
27666	6
27667	6
27670	6
27671	6
27672	6
27673	6
27674	6
27675	6
27676	6
27677	6
27678	6
27679	6
27680	6
27681	6
27682	6
27683	1
27684	1
27685	1
27686	1
27687	9
27688	9
27689	6
27694	9
27695	9
27696	9
27697	9
27698	9
27699	9
27700	9
27701	9
27702	9
27703	9
27704	9
27705	9
27706	9
27707	9
27708	9
27709	9
27710	9
27711	9
27712	9
27713	9
27714	9
27715	9
27716	9
27717	9
27718	9
27719	9
27720	9
27721	9
27722	9
27723	9
27724	9
27725	9
27726	9
27727	9
27728	9
27729	9
27730	9
27731	9
27732	9
27733	9
27734	9
27735	9
27736	9
27737	9
27738	9
27739	9
27740	9
27741	9
27742	9
27743	9
27744	9
27745	9
27746	9
27747	9
27748	9
27749	9
27750	9
27751	9
27752	9
27753	9
27754	9
27755	9
27756	9
27757	9
27758	9
27759	9
27760	9
27761	6
27762	6
27763	6
27764	6
27765	6
27766	6
27767	6
27768	6
27769	6
27770	6
27771	6
27772	6
27773	6
27774	6
27775	6
27776	6
27777	6
27778	6
27779	6
27780	6
27781	6
27782	6
27783	6
27784	6
27785	6
27786	6
27787	6
27788	6
27789	6
27790	6
27791	6
27792	6
27793	6
27794	6
27795	6
27796	6
27797	6
27798	6
27799	6
27800	6
27801	6
27802	6
27803	6
27804	6
27805	6
27806	6
27807	6
27808	6
27809	6
27810	6
27811	6
27812	6
27813	6
27814	6
27815	6
27816	6
27817	6
27818	6
27819	6
27820	6
27821	6
27822	6
27823	6
27824	6
27825	6
27826	6
27827	6
27828	6
27829	6
27830	6
27831	6
27832	6
27833	6
27834	6
27835	6
27836	6
27837	6
27838	6
27840	6
27841	6
27842	6
27843	6
27844	6
27845	6
27846	6
27847	6
27848	6
27849	6
27850	6
27851	1
27852	1
27853	1
27854	1
27855	9
27856	9
27857	6
27863	9
27864	9
27865	9
27866	9
27867	9
27868	9
27869	9
27870	9
27871	9
27872	9
27873	9
27874	9
27875	9
27876	9
27877	9
27878	9
27879	9
27880	9
27881	9
27882	9
27883	9
27884	9
27885	9
27886	9
27887	9
27888	9
27889	9
27890	9
27892	9
27893	9
27894	9
27895	9
27896	9
27897	9
27898	9
27900	9
27901	9
27902	9
27903	9
27904	9
27905	9
27906	9
27907	9
27908	9
27909	9
27910	9
27911	9
27912	9
27913	9
27914	9
27915	9
27916	9
27917	9
27918	9
27919	9
27920	9
27921	9
27922	9
27923	9
27924	9
27925	9
27926	9
27927	9
27928	9
27929	9
27930	9
27931	9
27932	6
27933	6
27934	6
27935	6
27936	6
27937	6
27938	6
27939	6
27940	6
27941	6
27942	6
27943	6
27944	6
27945	6
27946	6
27947	6
27948	6
27949	6
27950	6
27951	6
27952	6
27953	6
27954	6
27955	6
27956	6
27957	6
27958	6
27959	6
27960	6
27961	6
27962	6
27963	6
27964	6
27965	6
27966	6
27967	6
27968	6
27969	6
27970	6
27971	6
27972	6
27973	6
27974	6
27975	6
27976	6
27977	6
27978	6
27979	6
27980	6
27981	6
27982	6
27983	6
27984	6
27985	6
27986	6
27987	6
27988	6
27989	6
27990	6
27991	6
27992	6
27993	6
27994	6
27995	6
27996	6
27997	6
27998	6
27999	6
28000	6
28001	6
28002	6
28003	6
28004	6
28005	6
28006	6
28007	6
28008	6
28009	6
28010	6
28011	6
28012	6
28013	6
28014	6
28015	6
28016	6
28017	6
28018	6
28019	6
28020	6
28021	1
28022	1
28023	1
28024	1
28025	9
28026	9
28027	6
28032	9
28033	9
28034	9
28035	9
28036	9
28037	9
28038	9
28039	9
28040	9
28041	9
28042	9
28043	9
28044	9
28045	9
28046	9
28047	9
28048	9
28049	9
28050	9
28051	9
28052	9
28053	9
28054	9
28055	9
28056	9
28057	9
28058	9
28059	9
28060	9
28061	9
28062	9
28063	9
28064	9
28065	9
28066	9
28067	9
28068	9
28069	9
28070	9
28071	9
28072	9
28073	9
28074	9
28075	9
28076	9
28077	9
28078	9
28079	9
28080	9
28081	9
28082	9
28083	9
28084	9
28085	9
28086	9
28087	9
28088	9
28089	9
28090	9
28091	9
28092	9
28093	9
28094	9
28095	9
28096	9
28097	9
28098	9
28099	6
28100	6
28101	6
28102	6
28103	6
28104	6
28105	6
28106	6
28107	6
28108	6
28109	6
28110	6
28111	6
28112	6
28113	6
28114	6
28115	6
28116	6
28117	6
28118	6
28119	6
28120	6
28121	6
28122	6
28123	6
28124	6
28125	6
28126	6
28127	6
28128	6
28129	6
28130	6
28131	6
28132	6
28133	6
28134	6
28135	6
28136	6
28137	6
28138	6
28139	6
28140	6
28141	6
28142	6
28143	6
28144	6
28145	6
28146	6
28147	6
28148	6
28149	6
28150	6
28151	6
28152	6
28153	6
28154	6
28155	6
28156	6
28157	6
28158	6
28159	6
28160	6
28161	6
28162	6
28163	6
28164	6
28165	6
28166	6
28167	6
28168	6
28169	6
28170	6
28171	6
28172	6
28173	6
28174	6
28175	6
28176	6
28177	6
28178	6
28179	6
28180	6
28181	6
28182	6
28183	6
28184	6
28185	6
28186	6
28187	6
28188	6
28189	6
28190	6
28191	6
28192	6
28193	6
28194	1
28195	1
28196	1
28197	1
28198	9
28199	9
28200	6
28205	9
28206	9
28207	9
28208	9
28209	9
28210	9
28211	9
28212	9
28213	9
28214	9
28215	9
28216	9
28217	9
28218	9
28219	9
28220	9
28221	9
28222	9
28223	9
28224	9
28225	9
28226	9
28227	9
28228	9
28229	9
28230	9
28231	9
28232	9
28233	9
28234	9
28235	9
28236	9
28237	9
28238	9
28239	9
28240	9
28241	9
28242	9
28243	9
28244	9
28245	9
28246	9
28247	9
28248	9
28249	9
28250	9
28251	9
28252	9
28253	9
28254	9
28255	9
28256	9
28257	9
28258	9
28259	9
28260	9
28261	9
28262	9
28263	9
28264	9
28265	9
28266	9
28267	9
28268	9
28269	9
28270	9
28271	9
28272	6
28273	6
28274	6
28275	6
28276	6
28277	6
28278	6
28279	6
28280	6
28281	6
28282	6
28283	6
28284	6
28285	6
28286	6
28287	6
28288	6
28289	6
28290	6
28291	6
28292	6
28293	6
28294	6
28295	6
28296	6
28297	6
28298	6
28299	6
28300	6
28301	6
28302	6
28303	6
28304	6
28305	6
28306	6
28307	6
28308	6
28309	6
28310	6
28311	6
28312	6
28313	6
28314	6
28315	6
28316	6
28317	6
28318	6
28319	6
28320	6
28321	6
28322	6
28323	6
28324	6
28325	6
28326	6
28327	6
28328	6
28329	6
28330	6
28331	6
28332	6
28333	6
28334	6
28335	6
28336	6
28337	6
28338	6
28339	6
28340	6
28341	6
28342	6
28343	6
28344	6
28345	6
28346	6
28347	6
28348	6
28349	6
28350	6
28351	6
28352	6
28353	6
28354	6
28355	6
28356	6
28357	6
28358	6
28359	6
28360	6
28361	1
28362	1
28363	1
28364	1
28365	9
28366	9
28588	6
29901	1
29902	1
29903	1
29904	1
29905	1
30068	8
30069	8
30070	8
30071	8
30072	8
30073	8
30074	8
30075	8
30076	8
30077	8
30078	8
30079	8
30080	8
30081	8
30082	8
30083	8
30084	8
30085	8
30086	8
30087	8
30088	8
30089	8
30090	8
30091	8
30092	8
30093	8
30094	8
30162	9
30164	9
30165	6
30166	6
30373	4
30374	4
30375	4
30376	4
30377	4
30378	4
30379	4
30380	1
30381	4
30382	4
30383	4
30385	1
30386	1
30387	9
30388	4
30389	4
30390	4
30391	4
30392	4
30393	9
30394	4
30395	4
30396	4
30397	1
30398	4
30399	4
30402	1
30406	4
30407	4
30408	4
30409	4
30410	4
30411	4
30412	4
30413	1
30418	1
30419	1
30420	4
30421	1
30422	4
30423	4
30424	4
30425	4
30426	1
30427	4
30428	4
30429	4
30431	1
30438	9
30439	9
30440	4
30441	4
30442	4
30443	1
30444	4
30445	4
30446	4
30447	4
30448	1
30449	4
30450	4
30451	4
30452	4
30453	4
30454	1
30461	4
30462	4
30463	4
30464	4
30465	1
30466	1
30467	4
30468	4
30469	4
30470	1
30471	1
30472	9
30473	9
30474	9
30475	9
30476	9
30477	9
30478	9
30479	9
30480	9
30481	9
30482	9
30483	9
30484	9
30485	9
30486	9
30487	9
30488	9
30489	9
30490	9
30491	9
30492	9
30493	9
30494	9
30495	9
30496	9
30497	9
30498	9
30499	9
30500	9
30501	9
30502	9
30503	9
30504	9
30505	9
30506	9
30507	9
30508	9
30509	9
30510	9
30511	9
30512	9
30513	9
30514	9
30515	9
30516	9
30517	9
30518	9
30519	9
30520	9
30521	9
30522	9
30523	9
30524	9
30525	9
30526	9
30527	9
30528	9
30529	9
30530	9
30531	9
30532	9
30533	9
30534	9
30535	9
30536	9
30537	9
30538	9
30539	9
30540	9
30541	9
30542	9
30543	9
30544	9
30545	9
30546	9
30547	9
30548	9
30549	9
30550	9
30551	9
30552	9
30553	9
30554	9
30555	9
30556	9
30557	9
30558	9
30559	9
30560	9
30561	9
30562	9
30563	9
30564	9
30565	9
30566	9
30567	9
30568	9
30569	9
30570	9
30571	9
30572	9
30573	9
30574	9
30575	9
30576	9
30577	9
30578	9
30579	9
30580	9
30581	9
30582	9
30583	9
30584	9
30585	9
30586	9
30587	9
30588	9
30589	9
30590	9
30591	9
30592	9
30593	9
30594	9
30595	9
30596	9
30597	9
30598	9
30599	9
30600	9
30601	9
30602	9
30603	9
30604	9
30605	9
30606	9
30607	9
30608	9
30609	9
30610	9
30611	9
30612	9
30613	9
30614	9
30615	9
30616	9
30617	9
30618	9
30619	9
30620	9
30621	9
30622	9
30623	9
30624	9
30625	9
30626	9
30627	9
30628	9
30629	9
30630	9
30631	9
30632	9
30633	9
30634	9
30635	9
30636	9
30637	9
30638	9
30639	9
30640	9
30641	9
30642	9
30643	9
30644	9
30645	9
30646	9
30647	9
30648	9
30649	9
30650	9
30651	9
30652	9
30653	9
30654	9
30655	9
30656	9
30657	9
30658	9
30659	9
30660	9
30661	9
30662	9
30663	9
30664	9
30665	9
30666	9
30667	9
30668	9
30669	9
30670	9
30671	9
30672	9
30673	9
30674	9
30675	9
30676	9
30677	9
30678	9
30679	9
30680	9
30681	9
30682	9
30683	9
30684	9
30685	9
30686	9
30687	9
30688	9
30689	9
30690	9
30691	9
30692	9
30693	9
30694	9
30695	9
30696	9
30697	9
30698	9
30699	9
30700	9
30701	9
30702	9
30703	9
30704	9
30705	9
30706	9
30707	9
30708	9
30709	9
30710	9
30711	9
30712	9
30713	9
30714	9
30715	9
30716	9
30717	9
30718	9
30719	9
30720	9
30721	9
30722	9
30723	9
30724	9
30725	9
30726	9
30727	9
30728	9
30729	9
30731	9
30732	9
30733	9
30734	9
30735	9
30736	9
30737	9
30738	9
30739	9
30740	9
30741	9
30742	9
30743	9
30744	9
30745	9
30746	9
30747	9
30748	9
30749	9
30750	9
30751	9
30753	9
30754	9
30755	9
30756	9
30758	9
30759	9
30760	9
30761	9
30762	9
30763	9
30764	9
30765	9
30766	9
30767	9
30768	9
30769	9
30770	9
30771	9
30772	9
30773	9
30774	9
30775	9
30777	9
30778	9
30779	9
30780	9
30781	9
30782	9
30783	9
30784	9
30785	9
30786	9
30787	9
30788	9
30789	9
30790	9
30791	9
30792	9
30793	9
30794	9
30795	9
30796	9
30797	9
30798	9
30799	9
30800	9
30801	9
30802	9
30803	9
30804	9
30805	9
30806	9
30807	9
30808	9
30809	9
30810	9
30811	9
30812	9
30813	9
30814	9
30815	9
30816	9
30817	9
30818	9
30819	9
30820	9
30821	9
30822	9
30823	9
30824	9
30825	9
30826	9
30827	9
30828	9
30829	9
30830	9
30831	9
30832	9
30833	9
30834	9
30835	9
30836	9
30837	9
30838	9
30839	9
30840	9
30841	9
30842	9
30843	9
30844	9
30845	9
30846	9
30847	9
30848	9
30849	9
30850	9
30851	9
30852	9
30853	9
30854	9
30855	9
30856	9
30857	9
30858	9
30859	9
30860	9
30861	9
30862	9
30863	9
30864	9
30865	9
30866	9
30867	9
30868	9
30869	9
30870	9
30871	9
30872	9
30873	9
30874	9
30875	9
30876	9
30877	9
30878	9
30879	9
30880	9
30881	9
30882	9
30883	9
30884	9
30885	9
30886	9
30887	9
30888	9
30889	9
30890	9
30891	9
30892	9
30893	9
30894	9
30895	9
30896	9
30897	9
30898	9
30899	9
30900	9
30901	9
30902	9
30903	9
30904	9
30905	9
30906	9
30907	9
30908	9
30909	9
30910	9
30911	9
30912	9
30913	9
30914	9
30915	9
30916	9
30917	9
30918	9
30919	9
30920	9
30921	9
30922	9
30923	9
30924	9
30925	9
30926	9
30927	9
30928	9
30929	9
30930	9
30931	9
30932	9
30933	9
30934	9
30935	9
30937	9
30938	9
30939	9
30940	9
30941	9
30942	9
30943	9
30944	9
30945	9
30946	9
30947	9
30948	9
30949	9
30950	9
30951	9
30952	9
30953	9
30954	9
30955	9
30956	9
30957	9
30958	9
30959	9
30960	9
30961	9
30962	9
30963	9
30964	9
30965	9
30966	9
30967	9
30968	9
30969	9
30970	9
30971	9
30972	9
30973	9
30974	9
30975	9
30976	9
30977	9
30978	9
30979	9
30980	9
30981	9
30982	9
30983	9
30984	9
30985	9
30986	9
30987	9
30995	9
31282	1
31331	8
31332	8
31333	8
31334	8
31335	8
31336	8
31337	8
31338	8
31339	8
31340	8
31341	8
31342	8
31343	8
31344	8
31345	8
31346	8
31347	8
31348	8
31349	8
31350	8
31351	8
31352	8
31353	8
31354	8
31355	8
31356	8
31357	8
31358	8
31359	8
31360	8
31361	8
31362	8
31363	8
31364	8
31365	8
31366	8
31367	8
31368	8
31369	8
31370	8
31371	8
31372	8
31373	8
31374	8
31375	8
31376	8
31377	8
31386	6
31387	6
31388	1
31389	1
31390	6
31391	6
31392	1
31393	1
31394	6
31395	6
31396	1
31397	1
31398	6
31399	6
31400	1
31401	1
31402	6
31403	6
31404	1
31405	1
31406	6
31407	6
31408	1
31409	1
31410	6
31411	6
31504	9
31505	9
31506	9
31507	9
31508	9
31509	9
31510	9
31511	9
31512	9
31618	8
31815	6
31816	6
31817	6
31818	6
32014	6
32132	1
32133	1
32134	1
32135	1
32136	1
32137	1
32138	1
32139	1
32140	1
32141	1
32142	1
32143	1
32144	1
32145	1
32146	1
32147	1
32148	1
32149	1
32150	1
32151	1
32152	1
32153	1
32154	1
32155	1
32156	1
32157	1
32158	1
32159	1
32160	1
32161	1
32162	1
32163	1
32164	1
32165	1
32166	1
32167	1
32170	6
32183	1
32184	1
32185	1
32186	1
32187	1
32188	1
32189	1
32190	1
32191	1
32192	1
32527	6
32528	6
32529	6
32530	6
32531	6
32533	6
32534	6
32535	6
32536	6
32537	6
32538	6
32539	6
32540	6
32541	6
32542	6
32543	6
32544	6
32545	6
32546	6
32547	6
32548	6
32549	6
32550	6
32551	6
32552	6
32553	6
32554	6
32555	6
32601	1
32602	1
32711	6
32975	6
32976	6
32977	6
32978	6
32979	6
32980	6
32981	6
32982	6
32983	6
32984	6
32985	6
32986	6
32987	6
32988	6
32989	6
32990	6
32991	6
32992	6
33025	4
33026	4
33027	9
33028	9
33029	1
33030	1
33031	6
33032	6
33184	6
33185	6
33186	6
33187	6
33188	6
33189	6
33190	6
33191	6
33192	6
33193	6
33194	6
33195	6
33196	6
33197	6
33198	6
33199	6
33200	6
33201	6
33293	6
33810	1
33811	1
33812	1
33814	1
34025	1
34029	4
34041	1
34070	6
34071	6
34183	1
34200	1
34208	9
34210	9
34212	9
34238	1
34239	1
34240	1
34241	1
34242	1
34243	1
34272	6
34273	6
34274	6
34275	6
34276	6
34277	6
34278	6
34285	6
34286	6
34540	8
34820	8
34852	9
34934	8
34935	8
35164	1
35249	6
35250	6
35251	6
35252	6
35253	6
35254	6
35255	6
35256	6
35257	6
35258	6
35259	6
35260	6
35261	6
35262	6
35263	6
35264	6
35265	6
35266	6
35267	6
35268	6
35269	6
35270	6
35271	6
35272	6
35273	6
35274	6
35275	6
35276	6
35277	6
35278	6
35279	6
35280	6
35281	6
35282	6
35283	6
35284	6
35285	6
35286	6
35287	6
35288	6
35289	6
35290	6
35327	6
35407	6
35473	6
35474	6
35483	9
35484	9
35485	9
35486	9
35487	9
35488	9
35489	9
35490	9
35491	9
35492	9
35493	9
35494	9
35495	9
35496	9
35497	9
35498	9
35499	9
35500	9
35501	9
35502	9
35503	9
35504	9
35505	9
35506	9
35507	9
35508	9
35509	9
35510	9
35511	9
35512	9
35513	9
35514	9
35515	9
35516	9
35517	9
35518	9
35519	9
35520	9
35521	9
35522	9
35523	9
35524	9
35525	9
35526	9
35527	9
35528	9
35529	9
35530	9
35531	9
35532	9
35533	9
35534	9
35535	9
35536	9
35537	9
35538	9
35539	9
35540	9
35541	9
35542	9
35543	9
35544	9
35545	9
35546	9
35547	9
35548	9
35549	9
35550	9
35551	9
35552	9
35553	9
35554	9
35555	9
35556	9
35557	9
35558	9
35559	9
35560	9
35561	9
35562	9
35563	9
35564	9
35565	9
35566	9
35567	9
35568	9
35569	9
35570	9
35571	9
35572	9
35573	9
35574	9
35575	9
35576	9
35577	9
35578	9
35579	9
35580	9
35581	9
35582	9
35583	9
35584	9
35585	9
35586	9
35587	9
35588	9
35589	9
35590	9
35591	9
35592	9
35593	9
35594	9
35595	9
35596	9
35597	9
35598	9
35599	9
35600	9
35601	9
35602	9
35603	9
35604	9
35605	9
35606	9
35607	9
35608	9
35609	9
35610	9
35611	9
35612	9
35613	9
35614	9
35615	9
35616	9
35617	6
35618	6
35619	6
35620	6
35621	6
35622	6
35623	6
35624	6
35625	6
35626	6
35627	6
35628	6
35629	6
35630	6
35631	1
35632	1
35633	6
35634	6
35635	6
35636	6
35637	6
35638	6
35639	6
35640	6
35641	6
35642	6
35643	6
35644	6
35645	6
35646	6
35647	6
35648	6
35649	6
35650	6
35651	6
35652	6
35653	6
35654	6
35655	6
35656	6
35657	6
35658	6
35659	6
35660	6
35661	6
35662	6
35663	6
35664	6
35665	6
35666	6
35667	6
35668	6
35669	6
35670	6
35671	6
35672	6
35673	6
35674	6
35675	6
35676	6
35677	6
35678	6
35679	6
35680	6
35681	6
35682	6
35683	6
35684	6
35685	6
35686	6
35687	6
35688	6
35689	6
35690	6
35691	6
35692	6
35693	6
35694	6
35695	6
35696	6
35697	6
35698	6
35699	6
35700	6
35701	6
35702	6
35703	6
35704	6
35705	6
35706	6
35707	6
35708	6
35709	6
35710	6
35711	6
35712	6
35713	6
35714	6
35715	6
35716	6
35717	6
35718	6
35719	6
35720	6
35721	6
35722	6
35723	6
35724	6
35725	6
35726	6
35727	6
35728	6
35729	6
35730	6
35731	6
35732	6
35733	6
35734	6
35735	6
35736	6
35737	6
35738	6
35739	6
35740	6
35741	6
35742	6
35743	6
35744	6
35745	6
35746	6
35747	6
35748	6
35749	6
35750	6
35751	6
35752	6
35753	6
35754	6
35755	6
35756	6
35757	6
35758	6
35759	6
35760	6
35761	6
35762	6
35763	6
35764	6
35765	6
35766	6
35767	6
35768	6
35769	6
35770	6
35771	6
35772	6
35773	6
35774	6
35775	6
35776	6
35777	6
35778	6
35779	6
35780	6
35781	6
35782	6
35783	6
35784	6
35785	6
35786	6
35787	6
35788	6
35789	6
35790	6
35791	6
35792	6
35793	6
35794	6
35795	6
35796	6
35797	6
35798	6
35799	1
35800	1
35801	1
35802	1
35803	1
35804	1
35805	1
35806	1
35807	9
35808	9
35809	9
35810	9
35839	6
35848	9
35849	9
35850	9
35851	9
35852	9
35853	9
35854	9
35855	9
35856	9
35857	9
35858	9
35859	9
35860	9
35861	9
35862	9
35863	9
35864	9
35865	9
35866	9
35867	9
35868	9
35869	9
35870	9
35871	9
35872	9
35873	9
35874	9
35875	9
35876	9
35877	9
35878	9
35879	9
35880	9
35881	9
35882	9
35883	9
35884	9
35885	9
35886	9
35887	9
35888	9
35889	9
35890	9
35891	9
35892	9
35893	9
35894	9
35895	9
35896	9
35897	9
35898	9
35899	9
35900	9
35901	9
35902	9
35903	9
35904	9
35905	9
35906	9
35907	9
35908	9
35909	9
35910	9
35911	9
35912	9
35913	9
35914	9
35915	9
35916	9
35917	9
35918	9
35919	9
35920	9
35921	9
35922	9
35923	9
35924	9
35925	9
35926	9
35927	9
35928	9
35929	9
35930	9
35931	9
35932	9
35933	9
35934	9
35935	9
35936	9
35937	9
35938	9
35939	9
35940	9
35941	9
35942	9
35943	9
35944	9
35945	9
35946	9
35947	9
35948	9
35949	9
35950	9
35951	9
35952	9
35953	9
35954	9
35955	9
35956	9
35957	9
35958	9
35959	9
35960	9
35961	9
35962	9
35963	9
35964	9
35965	9
35966	9
35967	9
35968	9
35969	9
35970	9
35971	9
35972	9
35973	9
35974	9
35975	9
35976	9
35977	9
35978	9
35979	9
35980	9
35981	9
35982	6
35983	6
35984	6
35985	6
35986	6
35987	6
35988	6
35989	6
35990	6
35991	6
35992	6
35993	6
35994	6
35995	6
35996	1
35997	1
35998	6
35999	6
36000	6
36001	6
36002	6
36003	6
36004	6
36005	6
36006	6
36007	6
36008	6
36009	6
36010	6
36011	6
36012	6
36013	6
36014	6
36015	6
36016	6
36017	6
36018	6
36019	6
36020	6
36021	6
36022	6
36023	6
36024	6
36025	6
36026	6
36027	6
36028	6
36029	6
36030	6
36031	6
36032	6
36033	6
36034	6
36035	6
36036	6
36037	6
36038	6
36039	6
36040	6
36041	6
36042	6
36043	6
36044	6
36045	6
36046	6
36047	6
36048	6
36049	6
36050	6
36051	6
36052	6
36053	6
36054	6
36055	6
36056	6
36057	6
36058	6
36059	6
36060	6
36061	6
36062	6
36063	6
36064	6
36065	6
36066	6
36067	6
36068	6
36069	6
36070	6
36071	6
36072	6
36073	6
36074	6
36075	6
36076	6
36077	6
36078	6
36079	6
36080	6
36081	6
36082	6
36083	6
36084	6
36085	6
36086	6
36087	6
36088	6
36089	6
36090	6
36091	6
36092	6
36093	6
36094	6
36095	6
36096	6
36097	6
36098	6
36099	6
36100	6
36101	6
36102	6
36103	6
36104	6
36105	6
36106	6
36107	6
36108	6
36109	6
36110	6
36111	6
36112	6
36113	6
36114	6
36115	6
36116	6
36117	6
36118	6
36119	6
36120	6
36121	6
36122	6
36123	6
36124	6
36125	6
36126	6
36127	6
36128	6
36129	6
36130	6
36131	6
36132	6
36133	6
36134	6
36135	6
36136	6
36137	6
36138	6
36139	6
36140	6
36141	6
36142	6
36143	6
36144	6
36145	6
36146	6
36147	6
36148	6
36149	6
36150	6
36151	6
36152	6
36153	6
36154	6
36155	6
36156	6
36157	6
36158	6
36159	6
36160	6
36161	6
36162	6
36163	6
36164	6
36165	6
36166	1
36167	1
36168	1
36169	1
36170	1
36171	1
36172	1
36173	1
36174	9
36175	9
36176	9
36177	9
36178	6
36179	6
36180	6
36181	6
36182	6
36183	6
36184	6
36185	6
36194	9
36195	9
36196	9
36197	9
36198	9
36199	9
36200	9
36201	9
36202	9
36203	9
36204	9
36205	9
36206	9
36207	9
36208	9
36209	9
36210	9
36211	9
36212	9
36213	9
36214	9
36215	9
36216	9
36217	9
36218	9
36219	9
36220	9
36221	9
36222	9
36223	9
36224	9
36225	9
36226	9
36227	9
36228	9
36229	9
36230	9
36231	9
36232	9
36233	9
36234	9
36235	9
36236	9
36237	9
36238	9
36239	9
36240	9
36241	9
36242	9
36243	9
36244	9
36245	9
36246	9
36247	9
36248	9
36249	9
36250	9
36251	9
36252	9
36253	9
36254	9
36255	9
36256	9
36257	9
36258	9
36259	9
36260	9
36261	9
36262	9
36263	9
36264	9
36265	9
36266	9
36267	9
36268	9
36269	9
36270	9
36271	9
36272	9
36273	9
36274	9
36275	9
36276	9
36277	9
36278	9
36279	9
36280	9
36281	9
36282	9
36283	9
36284	9
36285	9
36286	9
36287	9
36288	9
36289	9
36290	9
36291	9
36292	9
36293	9
36294	9
36295	9
36296	9
36297	9
36298	9
36299	9
36300	9
36301	9
36302	9
36303	9
36304	9
36305	9
36306	9
36307	9
36308	9
36309	9
36310	9
36311	9
36312	9
36313	9
36314	9
36315	9
36316	9
36317	9
36318	9
36319	9
36320	9
36321	9
36322	9
36323	9
36324	9
36325	9
36326	9
36327	9
36328	6
36329	6
36330	6
36331	6
36332	6
36333	6
36334	6
36335	6
36336	6
36337	6
36338	6
36339	6
36340	6
36341	6
36342	1
36343	1
36344	6
36345	6
36346	6
36347	6
36348	6
36349	6
36350	6
36351	6
36352	6
36353	6
36354	6
36355	6
36356	6
36357	6
36358	6
36359	6
36360	6
36361	6
36362	6
36363	6
36364	6
36365	6
36366	6
36367	6
36368	6
36369	6
36370	6
36371	6
36372	6
36373	6
36374	6
36375	6
36376	6
36377	6
36378	6
36379	6
36380	6
36381	6
36382	6
36383	6
36384	6
36385	6
36386	6
36387	6
36388	6
36389	6
36390	6
36391	6
36392	6
36393	6
36394	6
36395	6
36396	6
36397	6
36398	6
36399	6
36400	6
36401	6
36402	6
36403	6
36404	6
36405	6
36406	6
36407	6
36408	6
36409	6
36410	6
36411	6
36412	6
36413	6
36414	6
36415	6
36416	6
36417	6
36418	6
36419	6
36420	6
36421	6
36422	6
36423	6
36424	6
36425	6
36426	6
36427	6
36428	6
36429	6
36430	6
36431	6
36432	6
36433	6
36434	6
36435	6
36436	6
36437	6
36438	6
36439	6
36440	6
36441	6
36442	6
36443	6
36444	6
36445	6
36446	6
36447	6
36448	6
36449	6
36450	6
36451	6
36452	6
36453	6
36454	6
36455	6
36456	6
36457	6
36458	6
36459	6
36460	6
36461	6
36462	6
36463	6
36464	6
36465	6
36466	6
36467	6
36468	6
36469	6
36470	6
36471	6
36472	6
36473	6
36474	6
36475	6
36476	6
36477	6
36478	6
36479	6
36480	6
36481	6
36482	6
36483	6
36484	6
36485	6
36486	6
36487	6
36488	6
36489	6
36490	6
36491	6
36492	6
36493	6
36494	6
36495	6
36496	6
36497	6
36498	6
36499	6
36500	6
36501	6
36502	6
36503	6
36504	6
36505	6
36506	6
36507	6
36508	6
36509	6
36510	6
36511	6
36512	1
36513	1
36514	1
36515	1
36516	1
36517	1
36518	1
36519	1
36520	9
36521	9
36522	9
36523	9
36524	6
36529	9
36530	9
36531	9
36532	9
36533	9
36534	9
36535	9
36536	9
36537	9
36538	9
36539	9
36540	9
36541	9
36542	9
36543	9
36544	9
36545	9
36546	9
36547	9
36548	9
36549	9
36550	9
36551	9
36552	9
36553	9
36554	9
36555	9
36556	9
36557	9
36558	6
36559	6
36560	6
36561	6
36562	6
36563	6
36564	6
36565	6
36566	6
36567	6
36568	6
36569	6
36570	6
36571	6
36572	6
36573	6
36574	6
36575	6
36576	6
36577	6
36578	6
36579	6
36580	6
36581	6
36582	6
36583	6
36584	6
36585	6
36586	6
36587	6
36588	6
36589	6
36590	6
36591	6
36592	6
36593	6
36594	6
36595	6
36596	6
36597	6
36598	6
36599	6
36600	6
36601	6
36602	6
36603	6
36604	6
36605	6
36606	6
36607	6
36608	6
36609	6
36610	6
36611	6
36612	6
36613	6
36614	6
36615	6
36616	6
36617	6
36618	6
36619	6
36620	6
36621	6
36622	6
36623	6
36626	6
36627	6
36628	6
36629	6
36630	6
36631	6
36632	6
36633	6
36634	6
36635	6
36636	6
36637	6
36638	6
36639	1
36640	1
36641	1
36642	1
36643	9
36644	9
36645	6
36646	6
36655	9
36656	9
36657	9
36658	9
36659	9
36660	9
36661	9
36662	9
36663	9
36664	9
36665	9
36666	9
36667	9
36668	9
36669	9
36670	9
36671	9
36672	9
36673	9
36674	9
36675	9
36676	9
36677	9
36678	9
36679	9
36680	9
36681	9
36682	9
36683	9
36684	9
36685	9
36686	9
36687	9
36688	9
36689	9
36690	9
36691	9
36692	9
36693	9
36694	9
36695	9
36696	9
36697	9
36698	9
36699	9
36700	9
36701	9
36702	9
36703	9
36704	9
36705	9
36706	9
36707	9
36708	9
36709	9
36710	9
36711	9
36712	9
36713	9
36714	9
36715	9
36716	9
36717	9
36718	9
36719	9
36720	9
36721	9
36722	9
36723	9
36724	9
36725	9
36726	9
36727	9
36728	9
36729	9
36730	9
36731	9
36732	9
36733	9
36734	9
36735	9
36736	9
36737	9
36738	9
36739	9
36740	9
36741	9
36742	9
36743	9
36744	9
36745	9
36746	9
36747	9
36748	9
36749	9
36750	9
36751	9
36752	9
36753	9
36754	9
36755	9
36756	9
36757	9
36758	9
36759	9
36760	9
36761	9
36762	9
36763	9
36764	9
36765	9
36766	9
36767	9
36768	9
36769	9
36770	9
36771	9
36772	9
36773	9
36774	9
36775	9
36776	9
36777	9
36778	9
36779	9
36780	9
36781	9
36782	9
36783	9
36784	9
36785	9
36786	9
36787	9
36788	9
36789	6
36790	6
36791	6
36792	6
36793	6
36794	6
36795	6
36796	6
36797	6
36798	6
36799	6
36800	6
36801	6
36802	6
36803	1
36804	1
36805	6
36806	6
36807	6
36808	6
36809	6
36810	6
36811	6
36812	6
36813	6
36814	6
36815	6
36816	6
36817	6
36818	6
36819	6
36820	6
36821	6
36822	6
36823	6
36824	6
36825	6
36826	6
36827	6
36828	6
36829	6
36830	6
36831	6
36832	6
36833	6
36834	6
36835	6
36836	6
36837	6
36838	6
36839	6
36840	6
36841	6
36842	6
36843	6
36844	6
36845	6
36846	6
36847	6
36848	6
36849	6
36850	6
36851	6
36852	6
36853	6
36854	6
36855	6
36856	6
36857	6
36858	6
36859	6
36860	6
36861	6
36862	6
36863	6
36864	6
36865	6
36866	6
36867	6
36868	6
36869	6
36870	6
36871	6
36872	6
36873	6
36874	6
36875	6
36876	6
36877	6
36878	6
36879	6
36880	6
36881	6
36882	6
36883	6
36884	6
36885	6
36886	6
36887	6
36888	6
36889	6
36890	6
36891	6
36892	6
36893	6
36894	6
36895	6
36896	6
36897	6
36898	6
36899	6
36900	6
36901	6
36902	6
36903	6
36904	6
36905	6
36906	6
36907	6
36908	6
36909	6
36910	6
36911	6
36912	6
36913	6
36914	6
36915	6
36916	6
36917	6
36918	6
36919	6
36920	6
36921	6
36922	6
36923	6
36924	6
36925	6
36926	6
36927	6
36928	6
36929	6
36930	6
36931	6
36932	6
36933	6
36934	6
36935	6
36936	6
36937	6
36938	6
36939	6
36940	6
36941	6
36942	6
36943	6
36944	6
36945	6
36946	6
36947	6
36948	6
36949	6
36950	6
36951	6
36952	6
36953	6
36954	6
36955	6
36956	6
36957	6
36958	6
36959	6
36960	6
36961	6
36962	6
36963	6
36964	6
36965	6
36966	6
36967	6
36968	6
36969	6
36970	6
36971	6
36972	6
36973	1
36974	1
36975	1
36976	1
36977	1
36978	1
36979	1
36980	1
36981	9
36982	9
36983	9
36984	9
36985	6
36986	6
36995	9
36996	9
36997	9
36998	9
36999	9
37000	9
37001	9
37002	9
37003	9
37004	9
37005	9
37006	9
37007	9
37008	9
37009	9
37010	9
37011	9
37012	9
37013	9
37014	9
37015	9
37016	9
37017	9
37018	9
37019	9
37020	9
37021	9
37022	9
37023	9
37024	9
37025	9
37026	9
37027	9
37028	9
37029	9
37030	9
37031	9
37032	9
37033	9
37034	9
37035	9
37036	9
37037	9
37038	9
37039	9
37040	9
37041	9
37042	9
37043	9
37044	9
37045	9
37046	9
37047	9
37048	9
37049	9
37050	9
37051	9
37052	9
37053	9
37054	9
37055	9
37056	9
37057	9
37058	9
37059	9
37060	9
37079	9
37080	9
37081	9
37082	9
37083	9
37084	9
37085	9
37086	9
37087	9
37088	9
37089	9
37090	9
37091	9
37092	9
37093	9
37094	9
37095	9
37096	9
37097	9
37098	9
37099	9
37100	9
37101	9
37102	9
37103	9
37104	9
37105	9
37106	9
37107	9
37108	9
37109	9
37110	9
37111	9
37112	9
37113	9
37114	9
37115	9
37116	9
37117	9
37118	9
37119	9
37120	9
37121	9
37122	9
37123	9
37124	9
37125	9
37126	9
37127	9
37128	9
37129	6
37130	6
37131	6
37132	6
37133	6
37134	6
37135	6
37136	6
37137	6
37138	6
37139	6
37140	6
37141	6
37142	6
37143	1
37144	1
37145	6
37146	6
37147	6
37148	6
37149	6
37150	6
37151	6
37152	6
37153	6
37154	6
37155	6
37156	6
37157	6
37158	6
37159	6
37160	6
37161	6
37162	6
37163	6
37164	6
37165	6
37166	6
37167	6
37168	6
37169	6
37170	6
37171	6
37172	6
37173	6
37174	6
37175	6
37176	6
37177	6
37178	6
37179	6
37180	6
37181	6
37182	6
37183	6
37184	6
37185	6
37186	6
37187	6
37188	6
37189	6
37190	6
37191	6
37192	6
37193	6
37194	6
37195	6
37196	6
37197	6
37198	6
37199	6
37200	6
37215	6
37216	6
37217	6
37218	6
37219	6
37220	6
37221	6
37222	6
37223	6
37224	6
37225	6
37226	6
37227	6
37228	6
37229	6
37230	6
37231	6
37232	6
37233	6
37234	6
37235	6
37236	6
37237	6
37238	6
37239	6
37240	6
37241	6
37242	6
37243	6
37244	6
37245	6
37246	6
37247	6
37248	6
37249	6
37250	6
37251	6
37252	6
37253	6
37254	6
37255	6
37256	6
37257	6
37258	6
37259	6
37260	6
37261	6
37262	6
37263	6
37264	6
37265	6
37266	6
37267	6
37268	6
37269	6
37270	6
37271	6
37272	6
37273	6
37274	6
37275	6
37276	6
37277	6
37278	6
37279	6
37280	6
37281	6
37282	6
37283	6
37284	6
37285	6
37286	6
37287	6
37288	6
37289	6
37290	6
37291	6
37292	6
37293	6
37294	6
37295	6
37296	6
37297	6
37298	6
37299	6
37300	6
37301	6
37302	6
37303	6
37304	6
37305	6
37306	6
37307	6
37308	6
37309	6
37310	6
37311	6
37312	6
37313	1
37314	1
37315	1
37316	1
37317	1
37318	1
37319	1
37320	1
37321	9
37322	9
37323	9
37324	9
37325	6
37326	6
37327	6
37328	6
37329	6
37330	6
37331	6
37332	6
37341	9
37342	9
37343	9
37344	9
37345	9
37346	9
37347	9
37348	9
37349	9
37350	9
37351	9
37352	9
37353	9
37354	9
37355	9
37356	9
37357	9
37358	9
37359	9
37360	9
37361	9
37362	9
37363	9
37364	9
37365	9
37366	9
37367	9
37368	9
37369	9
37370	9
37371	9
37372	9
37373	9
37374	9
37375	9
37376	9
37377	9
37378	9
37379	9
37380	9
37381	9
37382	9
37383	9
37384	9
37385	9
37386	9
37387	9
37388	9
37389	9
37390	9
37391	9
37392	9
37393	9
37394	9
37395	9
37396	9
37397	9
37398	9
37399	9
37400	9
37401	9
37402	9
37403	9
37404	9
37405	9
37406	9
37407	9
37408	9
37409	9
37410	9
37411	9
37412	9
37413	9
37414	9
37415	9
37416	9
37417	9
37418	9
37419	9
37420	9
37421	9
37422	9
37423	9
37424	9
37425	9
37426	9
37427	9
37428	9
37429	9
37430	9
37431	9
37432	9
37433	9
37434	9
37435	9
37436	9
37437	9
37438	9
37439	9
37440	9
37441	9
37442	9
37443	9
37444	9
37445	9
37446	9
37447	9
37448	9
37449	9
37450	9
37451	9
37452	9
37453	9
37454	9
37455	9
37456	9
37457	9
37458	9
37459	9
37460	9
37461	9
37462	9
37463	9
37464	9
37465	9
37466	9
37467	9
37468	9
37469	9
37470	9
37471	9
37472	9
37473	9
37474	9
37475	6
37476	6
37477	6
37478	6
37479	6
37480	6
37481	6
37482	6
37483	6
37484	6
37485	6
37486	6
37487	6
37488	6
37489	1
37490	1
37491	6
37492	6
37493	6
37494	6
37495	6
37496	6
37497	6
37498	6
37499	6
37500	6
37501	6
37502	6
37503	6
37504	6
37505	6
37506	6
37507	6
37508	6
37509	6
37510	6
37511	6
37512	6
37513	6
37514	6
37515	6
37516	6
37517	6
37518	6
37519	6
37520	6
37521	6
37522	6
37523	6
37524	6
37525	6
37526	6
37527	6
37528	6
37529	6
37530	6
37531	6
37532	6
37533	6
37534	6
37535	6
37536	6
37537	6
37538	6
37539	6
37540	6
37541	6
37542	6
37543	6
37544	6
37545	6
37546	6
37547	6
37548	6
37549	6
37550	6
37551	6
37552	6
37553	6
37554	6
37555	6
37556	6
37557	6
37558	6
37559	6
37560	6
37561	6
37562	6
37563	6
37564	6
37565	6
37566	6
37567	6
37568	6
37569	6
37570	6
37571	6
37572	6
37573	6
37574	6
37575	6
37576	6
37577	6
37578	6
37579	6
37580	6
37581	6
37582	6
37583	6
37584	6
37585	6
37586	6
37587	6
37588	6
37589	6
37590	6
37591	6
37592	6
37593	6
37594	6
37595	6
37596	6
37597	6
37598	6
37599	6
37600	6
37601	6
37602	6
37603	6
37604	6
37605	6
37606	6
37607	6
37608	6
37609	6
37610	6
37611	6
37612	6
37613	6
37614	6
37615	6
37616	6
37617	6
37618	6
37619	6
37620	6
37621	6
37622	6
37623	6
37624	6
37625	6
37626	6
37627	6
37628	6
37629	6
37630	6
37631	6
37632	6
37633	6
37634	6
37635	6
37636	6
37637	6
37638	6
37639	6
37640	6
37641	6
37642	6
37643	6
37644	6
37645	6
37646	6
37647	6
37648	6
37649	6
37650	6
37651	6
37652	6
37653	6
37654	6
37655	6
37656	6
37657	6
37658	6
37659	1
37660	1
37661	1
37662	1
37663	1
37664	1
37665	1
37666	1
37667	9
37668	9
37669	9
37670	9
37671	6
37676	9
37677	9
37678	9
37679	9
37680	9
37681	9
37682	9
37683	9
37684	9
37685	9
37686	9
37687	9
37688	9
37689	9
37690	9
37691	9
37692	9
37693	9
37694	9
37695	9
37696	9
37697	9
37698	9
37699	9
37700	9
37701	9
37702	9
37703	9
37704	9
37705	6
37706	6
37707	6
37708	6
37709	6
37710	6
37711	6
37712	6
37713	6
37714	6
37715	6
37716	6
37717	6
37718	6
37719	6
37720	6
37721	6
37722	6
37723	6
37724	6
37725	6
37726	6
37727	6
37728	6
37729	6
37730	6
37731	6
37732	6
37733	6
37734	6
37735	6
37736	6
37737	6
37738	6
37739	6
37740	6
37741	6
37742	6
37743	6
37744	6
37745	6
37746	6
37747	6
37748	6
37749	6
37750	6
37751	6
37752	6
37753	6
37754	6
37755	6
37756	6
37757	6
37758	6
37759	6
37760	6
37761	6
37762	6
37763	6
37764	6
37765	6
37766	6
37767	6
37768	6
37769	6
37770	6
37773	6
37774	6
37775	6
37776	6
37777	6
37778	6
37779	6
37780	6
37781	6
37782	6
37783	6
37784	6
37785	6
37786	1
37787	1
37788	1
37789	1
37790	9
37791	9
37792	6
37795	6
37796	6
38209	9
38210	9
38211	9
38212	4
38213	1
38214	4
38215	9
38216	9
38217	4
38218	4
38219	4
38220	9
38221	9
38222	4
38223	4
38224	1
38225	4
38226	9
38227	9
38228	4
38229	4
38230	4
38231	9
38232	9
38233	4
38234	1
38235	1
38236	1
38237	1
38238	9
38239	9
38240	4
38241	4
38242	4
38243	9
38244	9
38245	4
38246	4
38247	4
38248	9
38249	9
38250	4
38251	4
38252	1
38253	4
38254	4
38255	9
38256	9
38257	4
38258	1
38259	1
38260	9
38261	9
38262	4
38263	4
38264	9
38265	9
38266	4
38267	9
38268	4
38269	4
38270	9
38271	4
38272	4
38273	4
38274	9
38275	4
38276	1
38277	9
38278	4
38279	1
38280	1
38281	9
38282	4
38283	1
38284	9
38285	9
38286	4
38287	9
38288	4
38289	4
38290	1
38291	4
38292	1
38293	1
38294	9
38295	9
38296	4
38297	4
38298	9
38299	4
38300	1
38301	9
38302	4
38303	1
38304	9
38305	4
38306	1
38307	1
38308	4
38309	1
38310	1
38311	1
38312	1
38313	1
38314	1
38315	1
38316	1
38317	1
38318	1
38319	1
38320	1
38321	1
38322	1
38323	1
38324	1
38325	1
38326	1
38327	1
38328	1
38329	9
38330	9
38331	9
38332	9
38333	9
38334	9
38335	9
38336	9
38337	9
38338	9
38339	9
38340	9
38341	9
38342	9
38343	9
38344	9
38345	9
38346	9
38347	9
38348	9
38349	9
38350	9
38351	9
38352	9
38353	9
38354	9
38355	9
38356	9
38357	9
38358	9
38359	9
38360	9
38361	9
38362	9
38363	9
38364	9
38365	9
38366	9
38367	9
38368	9
38369	9
38370	9
38371	9
38372	9
38373	9
38374	9
38375	9
38376	9
38377	9
38378	9
38379	9
38380	9
38381	9
38382	9
38383	9
38384	9
38385	9
38386	9
38387	9
38388	9
38389	9
38390	9
38391	9
38392	9
38393	9
38394	9
38395	9
38396	9
38397	9
38398	9
38399	9
38400	9
38401	9
38402	9
38403	9
38404	9
38405	9
38406	9
38407	9
38408	9
38409	9
38410	9
38411	9
38412	9
38413	9
38414	9
38415	9
38416	9
38417	9
38418	9
38419	9
38420	9
38421	9
38422	9
38423	9
38424	9
38425	9
38426	9
38427	9
38428	9
38429	9
38430	9
38431	9
38432	9
38433	9
38434	9
38435	9
38436	9
38437	9
38438	9
38439	9
38440	9
38441	9
38442	9
38443	9
38444	9
38445	9
38446	9
38447	9
38448	9
38449	9
38450	9
38451	9
38452	9
38453	9
38454	9
38455	9
38456	9
38457	9
38458	9
38459	9
38460	9
38461	9
38462	9
38463	9
38464	9
38465	9
38466	9
38467	9
38468	9
38469	9
38470	9
38471	9
38472	9
38473	9
38474	9
38475	9
38476	9
38477	9
38478	9
38479	9
38480	9
38481	9
38482	9
38483	9
38484	9
38485	9
38486	9
38487	9
38488	9
38489	9
38490	9
38491	9
38492	9
38493	9
38494	9
38495	9
38496	9
38497	9
38498	9
38499	9
38500	9
38501	9
38502	9
38503	9
38504	9
38505	9
38506	9
38507	9
38508	9
38509	9
38510	9
38511	9
38512	9
38513	9
38514	9
38515	9
38516	9
38517	9
38518	9
38519	9
38520	9
38521	9
38522	9
38523	9
38524	9
38525	9
38526	9
38527	9
38528	9
38529	9
38530	9
38531	9
38532	9
38533	9
38534	9
38535	9
38536	9
38537	9
38538	9
38539	9
38540	9
38541	9
38542	9
38543	9
38544	9
38545	9
38546	9
38547	9
38548	9
38549	9
38550	9
38551	9
38552	9
38553	9
38554	9
38555	9
38556	9
38557	9
38558	9
38559	9
38560	9
38561	9
38562	9
38563	9
38564	9
38565	9
38566	9
38567	9
38568	9
38569	9
38570	9
38571	9
38572	9
38573	9
38574	9
38575	9
38576	9
38577	9
38578	9
38579	9
38580	9
38581	9
38582	9
38583	9
38584	9
38585	9
38586	9
38587	9
38588	9
38589	9
38590	9
38591	9
38592	9
38593	9
38594	9
38595	9
38596	9
38597	9
38598	9
38599	9
38600	9
38601	9
38602	9
38603	9
38604	9
38605	9
38606	9
38607	9
38608	9
38609	9
38610	9
38611	9
38612	9
38613	9
38614	9
38615	9
38616	9
38617	9
38618	9
38619	9
38620	9
38621	9
38622	9
38623	9
38624	9
38625	9
38626	9
38627	9
38628	9
38629	9
38630	9
38631	9
38632	9
38633	9
38634	9
38635	9
38636	9
38637	9
38638	9
38639	9
38640	9
38641	9
38642	9
38643	9
38644	9
38645	9
38646	9
38647	9
38648	9
38649	9
38650	9
38651	9
38652	9
38653	9
38654	9
38655	9
38656	9
38657	9
38658	9
38659	9
38660	9
38661	9
38662	9
38663	9
38664	9
38665	9
38666	9
38667	9
38668	9
38669	9
38670	9
38671	9
38672	9
38673	9
38674	9
38675	9
38676	9
38677	9
38678	9
38679	9
38680	9
38681	9
38682	9
38683	9
38684	9
38685	9
38686	9
38687	9
38688	9
38689	9
38690	9
38691	9
38692	9
38693	9
38694	9
38695	9
38696	9
38697	9
38698	9
38699	9
38700	9
38701	9
38702	9
38703	9
38704	9
38705	9
38706	9
38707	9
38708	9
38709	9
38710	9
38711	9
38712	9
38713	9
38714	9
38715	9
38716	9
38717	9
38718	9
38719	9
38720	9
38721	9
38722	9
38723	9
38724	9
38725	9
38726	9
38727	9
38728	9
38729	9
38730	9
38731	9
38732	9
38733	9
38734	9
38735	9
38736	9
38737	9
38738	9
38739	9
38740	9
38741	9
38742	9
38743	9
38744	9
38745	9
38746	9
38747	9
38748	9
38749	9
38750	9
38751	9
38752	9
38753	9
38754	9
38755	9
38756	9
38757	9
38758	9
38759	9
38760	9
38761	9
38762	9
38763	9
38764	9
38765	9
38766	9
38767	9
38768	9
38769	9
38770	9
38771	9
38772	9
38773	9
38774	9
38775	9
38776	9
38777	9
38778	9
38779	9
38780	9
38781	9
38782	9
38783	9
38784	9
38785	9
38786	9
38787	9
38788	9
38789	9
38790	9
38791	9
38792	9
38793	9
38794	9
38795	9
38796	9
38797	9
38798	9
38799	9
38800	9
38801	9
38802	9
38803	9
38804	9
38805	9
38806	9
38807	9
38808	9
38809	9
38810	9
38811	9
38812	9
38813	9
38814	9
38815	9
38816	9
38817	9
38818	9
38819	9
38820	9
38821	9
38822	9
38823	9
38824	9
38825	9
38826	9
38827	9
38828	9
38829	9
38830	9
38831	9
38832	9
38833	9
38834	9
38835	9
38836	9
38837	9
38838	9
38839	9
38840	9
38883	8
38884	8
38885	8
38886	8
38887	8
38888	8
38889	8
38890	8
38903	8
38904	8
38905	8
38906	8
38907	8
38908	8
38909	8
38910	8
38918	8
38919	8
38920	8
38921	8
38922	8
38923	8
38924	8
38925	8
38974	0
38975	0
38976	0
38977	0
38978	0
38979	0
38980	0
38981	0
38982	0
38983	0
38984	0
38985	0
38986	0
38987	0
38988	0
38989	0
38990	0
38991	0
38992	0
38993	0
38994	6
38995	6
38996	6
38997	6
38998	6
38999	6
39000	6
39001	6
39002	6
39003	6
39004	6
39005	6
39006	6
39007	6
39008	6
39009	6
39010	6
39011	6
39012	6
39013	6
39014	6
39015	6
39016	6
39017	6
39018	6
39019	6
39020	6
39021	6
39022	6
39023	6
39024	6
39025	6
39026	6
39027	6
39028	6
39029	6
39030	6
39031	6
39032	6
39033	6
39034	6
39035	6
39036	6
39037	6
39038	6
39039	6
39040	6
39041	6
39042	6
39043	6
39044	6
39045	6
39046	6
39047	6
39048	6
39049	6
39050	0
39051	0
39052	0
39053	0
39054	0
39055	0
39056	0
39057	0
39058	0
39059	0
39060	6
39061	6
39062	6
39063	6
39064	6
39065	6
39066	6
39067	6
39068	6
39069	6
39070	6
39071	6
39072	6
39073	6
39074	6
39075	6
39076	6
39077	6
39078	6
39079	6
39080	6
39081	6
39082	6
39083	6
39084	6
39085	6
39086	6
39087	6
39088	6
39089	6
39090	6
39091	6
39092	6
39093	6
39094	6
39095	6
39096	6
39097	6
39098	6
39099	6
39100	6
39101	6
39102	6
39103	6
39104	6
39105	6
39106	6
39107	6
39108	6
39109	6
39110	6
39111	6
39112	6
39113	6
39114	6
39115	6
39116	0
39117	0
39118	0
39119	0
39120	0
39121	0
39122	0
39123	0
39124	0
39125	0
39126	6
39127	6
39128	6
39129	6
39130	6
39131	6
39132	6
39133	6
39134	6
39135	6
39136	6
39137	6
39138	6
39139	6
39140	6
39141	6
39142	6
39143	6
39144	6
39145	6
39146	6
39147	6
39148	6
39149	6
39150	6
39151	6
39152	6
39153	6
39154	6
39155	6
39156	6
39157	6
39158	6
39159	6
39160	6
39161	6
39162	6
39163	6
39164	6
39165	6
39166	6
39167	6
39168	6
39169	6
39170	6
39171	6
39172	6
39173	6
39174	6
39175	6
39176	6
39177	6
39178	6
39179	6
39180	6
39181	6
39182	0
39183	0
39184	0
39185	0
39186	0
39187	0
39188	0
39189	0
39190	0
39191	0
39192	6
39193	6
39194	6
39195	6
39196	6
39197	6
39198	6
39199	6
39200	6
39201	6
39202	6
39203	6
39204	6
39205	6
39206	6
39207	6
39208	6
39209	6
39210	6
39211	6
39212	6
39213	6
39214	6
39215	6
39216	6
39217	6
39218	6
39219	6
39220	6
39221	6
39222	6
39223	6
39224	6
39225	6
39226	6
39227	6
39228	6
39229	6
39230	6
39231	6
39232	6
39233	6
39234	6
39235	6
39236	6
39237	6
39238	6
39239	6
39240	6
39241	6
39242	6
39243	6
39244	6
39245	6
39246	6
39247	6
39248	0
39249	0
39250	0
39251	0
39252	0
39253	0
39254	0
39255	0
39256	0
39257	0
39258	6
39259	6
39260	6
39261	6
39262	6
39263	6
39264	6
39265	6
39266	6
39267	6
39268	6
39269	6
39270	6
39271	6
39272	6
39273	6
39274	6
39275	6
39276	6
39277	6
39278	6
39279	6
39280	6
39281	6
39282	6
39283	6
39284	6
39285	6
39286	6
39287	6
39288	6
39289	6
39290	6
39291	6
39292	6
39293	6
39294	6
39295	6
39296	6
39297	6
39298	6
39299	6
39300	6
39301	6
39302	6
39303	6
39304	6
39305	6
39306	6
39307	6
39308	6
39309	6
39310	6
39311	6
39312	6
39313	6
39314	0
39315	0
39316	0
39317	0
39318	0
39319	0
39320	0
39321	0
39322	0
39323	0
39324	6
39325	6
39326	6
39327	6
39328	6
39329	6
39330	6
39331	6
39332	6
39333	6
39334	6
39335	6
39336	6
39337	6
39338	6
39339	6
39340	6
39341	6
39342	6
39343	6
39344	6
39345	6
39346	6
39347	6
39348	6
39349	6
39350	6
39351	6
39352	6
39353	6
39354	6
39355	6
39356	6
39357	6
39358	6
39359	6
39360	6
39361	6
39362	6
39363	6
39364	6
39365	6
39366	6
39367	6
39368	6
39369	6
39370	6
39371	6
39372	6
39373	6
39374	6
39375	6
39376	6
39377	6
39378	6
39379	6
39380	9
39381	9
39382	9
39383	4
39384	1
39385	4
39386	9
39387	9
39388	4
39389	4
39390	4
39391	9
39392	9
39393	4
39394	4
39395	1
39396	4
39397	9
39398	9
39399	4
39400	4
39401	4
39402	9
39403	9
39404	4
39405	1
39406	1
39407	1
39408	1
39409	9
39410	9
39411	4
39412	4
39413	4
39414	9
39415	9
39416	4
39417	4
39418	4
39419	9
39420	9
39421	4
39422	4
39423	1
39424	4
39425	4
39426	9
39427	9
39428	4
39429	1
39430	1
39431	1
39432	1
39433	1
39434	1
39435	1
39436	1
39437	1
39438	1
39439	1
39440	0
39441	0
39442	0
39443	0
39444	0
39445	0
39446	0
39447	0
39448	0
39449	0
39450	0
39451	0
39452	0
39453	0
39454	0
39455	0
39456	0
39457	0
39458	0
39459	0
39460	6
39461	6
39462	6
39463	6
39464	6
39465	6
39466	6
39467	6
39468	6
39469	6
39470	6
39471	6
39472	6
39473	6
39474	6
39475	6
39476	6
39477	6
39478	6
39479	6
39480	6
39481	6
39482	6
39483	6
39484	6
39485	6
39486	6
39487	6
39488	6
39489	6
39490	6
39491	6
39492	6
39493	6
39494	6
39495	6
39496	6
39497	6
39498	6
39499	6
39500	6
39501	6
39502	6
39503	6
39504	6
39505	6
39506	6
39507	6
39508	6
39509	6
39510	6
39511	6
39512	6
39513	6
39514	6
39515	6
39516	0
39517	0
39518	0
39519	0
39520	0
39521	0
39522	0
39523	0
39524	0
39525	0
39526	6
39527	6
39528	6
39529	6
39530	6
39531	6
39532	6
39533	6
39534	6
39535	6
39536	6
39537	6
39538	6
39539	6
39540	6
39541	6
39542	6
39543	6
39544	6
39545	6
39546	6
39547	6
39548	6
39549	6
39550	6
39551	6
39552	6
39553	6
39554	6
39555	6
39556	6
39557	6
39558	6
39559	6
39560	6
39561	6
39562	6
39563	6
39564	6
39565	6
39566	6
39567	6
39568	6
39569	6
39570	6
39571	6
39572	6
39573	6
39574	6
39575	6
39576	6
39577	6
39578	6
39579	6
39580	6
39581	6
39582	0
39583	0
39584	0
39585	0
39586	0
39587	0
39588	0
39589	0
39590	0
39591	0
39592	6
39593	6
39594	6
39595	6
39596	6
39597	6
39598	6
39599	6
39600	6
39601	6
39602	6
39603	6
39604	6
39605	6
39606	6
39607	6
39608	6
39609	6
39610	6
39611	6
39612	6
39613	6
39614	6
39615	6
39616	6
39617	6
39618	6
39619	6
39620	6
39621	6
39622	6
39623	6
39624	6
39625	6
39626	6
39627	6
39628	6
39629	6
39630	6
39631	6
39632	6
39633	6
39634	6
39635	6
39636	6
39637	6
39638	6
39639	6
39640	6
39641	6
39642	6
39643	6
39644	6
39645	6
39646	6
39647	6
39648	0
39649	0
39650	0
39651	0
39652	0
39653	0
39654	0
39655	0
39656	0
39657	0
39658	6
39659	6
39660	6
39661	6
39662	6
39663	6
39664	6
39665	6
39666	6
39667	6
39668	6
39669	6
39670	6
39671	6
39672	6
39673	6
39674	6
39675	6
39676	6
39677	6
39678	6
39679	6
39680	6
39681	6
39682	6
39683	6
39684	6
39685	6
39686	6
39687	6
39688	6
39689	6
39690	6
39691	6
39692	6
39693	6
39694	6
39695	6
39696	6
39697	6
39698	6
39699	6
39700	6
39701	6
39702	6
39703	6
39704	6
39705	6
39706	6
39707	6
39708	6
39709	6
39710	6
39711	6
39712	6
39713	6
39714	0
39715	0
39716	0
39717	0
39718	0
39719	0
39720	0
39721	0
39722	0
39723	0
39724	6
39725	6
39726	6
39727	6
39728	6
39729	6
39730	6
39731	6
39732	6
39733	6
39734	6
39735	6
39736	6
39737	6
39738	6
39739	6
39740	6
39741	6
39742	6
39743	6
39744	6
39745	6
39746	6
39747	6
39748	6
39749	6
39750	6
39751	6
39752	6
39753	6
39754	6
39755	6
39756	6
39757	6
39758	6
39759	6
39760	6
39761	6
39762	6
39763	6
39764	6
39765	6
39766	6
39767	6
39768	6
39769	6
39770	6
39771	6
39772	6
39773	6
39774	6
39775	6
39776	6
39777	6
39778	6
39779	6
39780	0
39781	0
39782	0
39783	0
39784	0
39785	0
39786	0
39787	0
39788	0
39789	0
39790	6
39791	6
39792	6
39793	6
39794	6
39795	6
39796	6
39797	6
39798	6
39799	6
39800	6
39801	6
39802	6
39803	6
39804	6
39805	6
39806	6
39807	6
39808	6
39809	6
39810	6
39811	6
39812	6
39813	6
39814	6
39815	6
39816	6
39817	6
39818	6
39819	6
39820	6
39821	6
39822	6
39823	6
39824	6
39825	6
39826	6
39827	6
39828	6
39829	6
39830	6
39831	6
39832	6
39833	6
39834	6
39835	6
39836	6
39837	6
39838	6
39839	6
39840	6
39841	6
39842	6
39843	6
39844	6
39845	6
39846	9
39847	9
39848	4
39849	4
39850	9
39851	9
39852	4
39853	9
39854	4
39855	4
39856	9
39857	4
39858	4
39859	4
39860	9
39861	4
39862	1
39863	9
39864	4
39865	1
39866	1
39867	9
39868	4
39869	1
39870	9
39871	9
39872	4
39873	9
39874	4
39875	4
39876	1
39877	4
39878	1
39879	1
39880	9
39881	9
39882	4
39883	4
39884	9
39885	4
39886	1
39887	9
39888	4
39889	1
39890	9
39891	4
39892	1
39893	1
39894	4
39895	1
39896	1
39897	1
39898	1
39899	1
39900	1
39901	1
39902	1
39903	1
39904	1
39905	1
39922	6
39923	6
39958	6
39959	6
39960	6
39961	6
39962	6
39963	6
39964	6
39965	6
39990	8
39991	8
39992	8
39993	8
39994	8
39995	8
39996	8
39997	8
39998	8
39999	8
40000	8
40001	8
40002	8
40003	8
40004	8
40005	8
40006	8
40007	8
40008	8
40009	8
40010	8
40011	8
40012	8
40013	8
40014	8
40015	8
40016	8
40017	8
40018	8
40019	8
40020	8
40021	8
40022	8
40023	8
40024	8
40025	8
40026	8
40027	8
40028	8
40029	8
40030	8
40031	8
40032	8
40033	8
40034	8
40035	8
40036	8
40037	8
40100	6
40101	6
40353	4
40309	6
40310	6
37870	6
37871	6
37872	6
37873	6
37874	6
40465	6
40466	6
40467	6
40468	6
40469	6
40470	6
40505	1
40108	4
40149	4
40109	4
40150	4
40110	4
40151	4
40111	9
40153	9
40112	9
40154	9
40113	9
40155	9
40114	1
40156	1
40115	1
40157	1
40116	1
40159	1
40117	6
40160	6
40118	6
40161	6
40671	1
40741	6
40744	6
40745	1
40746	4
40728	4
40729	4
40730	4
40731	4
40732	4
40733	4
40734	4
40735	4
40922	1
40773	6
40774	6
40775	6
40776	6
40777	6
40778	6
40779	6
40780	6
40781	6
40782	6
40783	6
40784	6
40785	6
40786	6
40787	6
40788	6
40789	6
40790	6
40791	6
40792	6
40793	6
40794	6
40795	6
40796	6
40797	6
40798	6
40799	6
40800	6
40801	6
40802	6
40803	6
40804	6
40805	6
40806	6
40807	6
40808	6
40809	6
40810	6
40811	6
40812	6
40813	6
40814	6
40815	6
40816	6
40817	6
40818	6
40819	6
40820	6
40821	6
40822	6
40823	6
40824	6
40825	6
40827	6
40828	6
40829	6
40830	6
40831	6
40832	6
40833	6
40834	6
40835	6
40836	6
40837	6
40838	6
40839	6
40840	6
40841	6
40842	6
40843	6
40844	6
40911	1
40910	1
40912	1
40973	1
40974	1
40975	1
40976	1
40977	6
40978	1
40979	1
40980	1
40981	1
40982	1
40983	1
40984	1
40985	1
40986	1
40987	1
40988	1
40989	1
40990	1
40991	1
40992	1
40994	1
40995	1
40996	1
40997	1
41006	1
41008	1
41009	1
41012	1
41015	1
41016	1
41018	1
41021	1
41022	1
41023	1
41024	1
40651	1
40649	1
40648	1
40650	1
40962	1
41115	6
41152	6
41153	6
41154	6
41155	6
41156	6
41157	6
41158	6
41159	6
41144	1
41795	6
41947	6
41791	6
41792	6
41793	6
41794	6
41458	1
41459	1
41460	1
41471	1
41461	1
41462	1
41464	1
41465	1
41466	1
41467	1
41468	1
41469	1
41470	1
41627	1
41628	1
41629	1
42258	6
42291	1
42292	6
41511	1
42150	1
42401	4
42402	4
42403	4
42404	4
42667	1
42668	1
42669	1
42670	1
42623	1
42624	1
42625	6
42626	6
42627	1
42628	1
42629	6
42631	6
42632	1
42633	1
42634	6
42635	6
42647	1
42648	1
42649	1
42676	1
42600	6
42663	6
42821	1
42833	1
42832	1
42831	1
42861	1
42894	6
42895	6
42896	6
42897	6
42898	6
42899	6
42900	6
42901	6
42902	6
42903	6
42904	6
42905	6
42906	6
42907	6
43212	6
43213	6
42972	6
43225	6
43226	6
43224	6
43266	6







